arr_movement_id,account_id,parent_account_id,contract_id,movement_date,movement_type,movement_reason,arr_delta_cents,starting_arr_cents,ending_arr_cents
arr_move_0001,acct_0001,parent_0001,contract_0001,2026-02-15,expansion,seat_growth,4500000,30000000,34500000
arr_move_0002,acct_0002,parent_0002,contract_0002,2026-02-15,expansion,seat_growth,4500000,30000000,34500000
arr_move_0003,acct_0003,parent_0003,contract_0003,2026-02-15,expansion,seat_growth,4500000,30000000,34500000
arr_move_0004,acct_0004,parent_0004,contract_0004,2026-02-15,expansion,seat_growth,4500000,30000000,34500000
arr_move_0005,acct_0005,parent_0005,contract_0005,2026-02-15,expansion,seat_growth,4500000,30000000,34500000
arr_move_0006,acct_0006,parent_0006,contract_0006,2026-02-15,expansion,seat_growth,4500000,30000000,34500000
arr_move_0007,acct_0007,parent_0007,contract_0007,2026-02-15,expansion,seat_growth,4500000,30000000,34500000
arr_move_0008,acct_0008,parent_0008,contract_0008,2026-02-15,expansion,seat_growth,4500000,30000000,34500000
arr_move_0009,acct_0009,parent_0009,contract_0009,2026-02-15,expansion,seat_growth,4500000,30000000,34500000
arr_move_0010,acct_0010,parent_0010,contract_0010,2026-02-15,expansion,seat_growth,4500000,30000000,34500000
arr_move_0011,acct_0011,parent_0011,contract_0011,2026-02-15,expansion,seat_growth,4500000,30000000,34500000
arr_move_0012,acct_0012,parent_0012,contract_0012,2026-02-15,expansion,seat_growth,4500000,30000000,34500000
arr_move_0013,acct_0013,parent_0013,contract_0013,2026-02-15,expansion,seat_growth,4500000,30000000,34500000
arr_move_0014,acct_0014,parent_0014,contract_0014,2026-02-15,expansion,seat_growth,4500000,30000000,34500000
arr_move_0015,acct_0015,parent_0015,contract_0015,2026-02-15,expansion,seat_growth,4500000,30000000,34500000
arr_move_0016,acct_0016,parent_0016,contract_0016,2026-02-15,expansion,seat_growth,4500000,30000000,34500000
arr_move_0017,acct_0017,parent_0017,contract_0017,2026-02-15,expansion,seat_growth,6000000,70000000,76000000
arr_move_0018,acct_0018,parent_0018,contract_0018,2026-02-20,contraction,discount_expiration,-4500000,50000000,45500000
arr_move_0019,acct_0019,parent_0019,contract_0019,2026-02-20,contraction,discount_expiration,-4500000,50000000,45500000
arr_move_0020,acct_0020,parent_0020,contract_0020,2026-02-20,contraction,discount_expiration,-4500000,50000000,45500000
arr_move_0021,acct_0021,parent_0021,contract_0021,2026-02-20,contraction,discount_expiration,-4500000,50000000,45500000
arr_move_0022,acct_0022,parent_0022,contract_0022,2026-02-20,contraction,discount_expiration,-4500000,50000000,45500000
arr_move_0023,acct_0023,parent_0023,contract_0023,2026-02-20,contraction,discount_expiration,-4500000,50000000,45500000
arr_move_0024,acct_0024,parent_0024,contract_0024,2026-02-20,contraction,discount_expiration,-4500000,50000000,45500000
arr_move_0025,acct_0025,parent_0025,contract_0025,2026-02-20,contraction,discount_expiration,-4500000,50000000,45500000
arr_move_0026,acct_0026,parent_0026,contract_0026,2026-02-20,contraction,discount_expiration,-4500000,50000000,45500000
arr_move_0027,acct_0027,parent_0027,contract_0027,2026-02-20,contraction,discount_expiration,-4500000,50000000,45500000
arr_move_0028,acct_0028,parent_0028,contract_0028,2026-02-20,contraction,discount_expiration,-5500000,100000000,94500000
arr_move_0029,acct_0029,parent_0029,contract_0029,2026-03-10,churn,budget_loss,-5000000,100000000,95000000
arr_move_0030,acct_0030,parent_0030,contract_0030,2025-11-15,expansion,seat_growth,5000000,50000000,55000000
arr_move_0031,acct_0031,parent_0031,contract_0031,2025-11-15,expansion,seat_growth,5000000,50000000,55000000
arr_move_0032,acct_0032,parent_0032,contract_0032,2025-11-15,expansion,seat_growth,5000000,50000000,55000000
arr_move_0033,acct_0033,parent_0033,contract_0033,2025-11-15,expansion,seat_growth,5000000,50000000,55000000
arr_move_0034,acct_0034,parent_0034,contract_0034,2025-11-15,expansion,seat_growth,5000000,50000000,55000000
arr_move_0035,acct_0035,parent_0035,contract_0035,2025-11-15,expansion,seat_growth,5000000,50000000,55000000
arr_move_0036,acct_0036,parent_0036,contract_0036,2025-11-15,expansion,seat_growth,5000000,50000000,55000000
arr_move_0037,acct_0037,parent_0037,contract_0037,2025-11-15,expansion,seat_growth,5000000,50000000,55000000
arr_move_0038,acct_0038,parent_0038,contract_0038,2025-11-15,expansion,seat_growth,5000000,50000000,55000000
arr_move_0039,acct_0039,parent_0039,contract_0039,2025-11-15,expansion,seat_growth,5000000,50000000,55000000
arr_move_0040,acct_0040,parent_0040,contract_0040,2025-11-15,expansion,seat_growth,5000000,50000000,55000000
arr_move_0041,acct_0041,parent_0041,contract_0041,2025-11-15,expansion,seat_growth,5000000,50000000,55000000
arr_move_0042,acct_0042,parent_0042,contract_0042,2025-11-15,expansion,seat_growth,5000000,50000000,55000000
arr_move_0043,acct_0043,parent_0043,contract_0043,2025-11-15,expansion,seat_growth,5000000,50000000,55000000
arr_move_0044,acct_0044,parent_0044,contract_0044,2025-11-15,expansion,seat_growth,5000000,50000000,55000000
arr_move_0045,acct_0045,parent_0045,contract_0045,2025-11-15,expansion,seat_growth,11800000,50000000,61800000
arr_move_0046,acct_0046,parent_0046,contract_0046,2025-11-20,contraction,scope_reduction,-2500000,100000000,97500000
arr_move_0047,acct_0047,parent_0047,contract_0047,2025-11-20,contraction,scope_reduction,-2500000,100000000,97500000
arr_move_0048,acct_0048,parent_0048,contract_0048,2025-11-20,contraction,scope_reduction,-2500000,100000000,97500000
arr_move_0049,acct_0049,parent_0049,contract_0049,2025-11-20,contraction,scope_reduction,-2500000,100000000,97500000
arr_move_0050,acct_0090,parent_0090,contract_0101,2025-06-15,new,generated_history,360000,3200000,3560000
arr_move_0051,acct_0091,parent_0091,contract_0102,2025-06-15,expansion,generated_history,370000,3300000,3670000
arr_move_0052,acct_0092,parent_0092,contract_0103,2025-06-15,contraction,generated_history,-250000,3400000,3150000
arr_move_0053,acct_0093,parent_0093,contract_0104,2025-06-15,reactivation,generated_history,260000,3500000,3760000
arr_move_0054,acct_0094,parent_0094,contract_0105,2025-06-15,new,generated_history,270000,3600000,3870000
arr_move_0055,acct_0095,parent_0095,contract_0106,2025-06-15,expansion,generated_history,280000,3700000,3980000
arr_move_0056,acct_0096,parent_0096,contract_0107,2025-06-15,contraction,generated_history,-290000,3800000,3510000
arr_move_0057,acct_0097,parent_0097,contract_0108,2025-06-15,reactivation,generated_history,300000,2000000,2300000
arr_move_0058,acct_0098,parent_0098,contract_0109,2025-06-15,new,generated_history,310000,2100000,2410000
arr_move_0059,acct_0099,parent_0099,contract_0110,2025-06-15,expansion,generated_history,320000,2200000,2520000
arr_move_0060,acct_0100,parent_0100,contract_0111,2025-06-15,contraction,generated_history,-330000,2300000,1970000
arr_move_0061,acct_0101,parent_0101,contract_0112,2025-06-15,reactivation,generated_history,340000,2400000,2740000
arr_move_0062,acct_0102,parent_0102,contract_0113,2025-06-15,new,generated_history,350000,2500000,2850000
arr_move_0063,acct_0103,parent_0103,contract_0114,2025-06-15,expansion,generated_history,360000,2600000,2960000
arr_move_0064,acct_0104,parent_0104,contract_0115,2025-06-15,contraction,generated_history,-370000,2700000,2330000
arr_move_0065,acct_0105,parent_0105,contract_0116,2025-06-15,reactivation,generated_history,250000,2800000,3050000
arr_move_0066,acct_0106,parent_0106,contract_0117,2025-06-15,new,generated_history,260000,2900000,3160000
arr_move_0067,acct_0107,parent_0107,contract_0118,2025-06-15,expansion,generated_history,270000,3000000,3270000
arr_move_0068,acct_0108,parent_0108,contract_0119,2025-06-15,contraction,generated_history,-280000,3100000,2820000
arr_move_0069,acct_0109,parent_0109,contract_0120,2025-06-15,reactivation,generated_history,290000,3200000,3490000
arr_move_0070,acct_0110,parent_0110,contract_0121,2025-06-15,new,generated_history,300000,3300000,3600000
arr_move_0071,acct_0111,parent_0111,contract_0122,2025-06-15,expansion,generated_history,310000,3400000,3710000
arr_move_0072,acct_0112,parent_0112,contract_0123,2025-06-15,contraction,generated_history,-320000,3500000,3180000
arr_move_0073,acct_0113,parent_0113,contract_0124,2025-06-15,reactivation,generated_history,330000,3600000,3930000
arr_move_0074,acct_0114,parent_0114,contract_0125,2025-06-15,new,generated_history,340000,3700000,4040000
arr_move_0075,acct_0115,parent_0115,contract_0126,2025-06-15,expansion,generated_history,350000,3800000,4150000
arr_move_0076,acct_0116,parent_0116,contract_0127,2025-06-15,contraction,generated_history,-360000,2000000,1640000
arr_move_0077,acct_0117,parent_0117,contract_0128,2025-06-15,reactivation,generated_history,370000,2100000,2470000
arr_move_0078,acct_0118,parent_0118,contract_0129,2025-06-15,new,generated_history,250000,2200000,2450000
arr_move_0079,acct_0119,parent_0119,contract_0130,2025-06-15,expansion,generated_history,260000,2300000,2560000
arr_move_0080,acct_0120,parent_0120,contract_0131,2025-06-15,contraction,generated_history,-270000,2400000,2130000
arr_move_0081,acct_0121,parent_0121,contract_0132,2025-06-15,reactivation,generated_history,280000,2500000,2780000
arr_move_0082,acct_0122,parent_0122,contract_0133,2025-06-15,new,generated_history,290000,2600000,2890000
arr_move_0083,acct_0123,parent_0123,contract_0134,2025-06-15,expansion,generated_history,300000,2700000,3000000
arr_move_0084,acct_0124,parent_0124,contract_0135,2025-06-15,contraction,generated_history,-310000,2800000,2490000
arr_move_0085,acct_0125,parent_0125,contract_0136,2025-06-15,reactivation,generated_history,320000,2900000,3220000
arr_move_0086,acct_0126,parent_0126,contract_0137,2025-06-15,new,generated_history,330000,3000000,3330000
arr_move_0087,acct_0127,parent_0127,contract_0138,2025-06-15,expansion,generated_history,340000,3100000,3440000
arr_move_0088,acct_0128,parent_0128,contract_0139,2025-06-15,contraction,generated_history,-350000,3200000,2850000
arr_move_0089,acct_0129,parent_0129,contract_0140,2025-06-15,reactivation,generated_history,360000,3300000,3660000
arr_move_0090,acct_0130,parent_0130,contract_0141,2025-06-15,new,generated_history,370000,3400000,3770000
arr_move_0091,acct_0131,parent_0131,contract_0142,2025-06-15,expansion,generated_history,250000,3500000,3750000
arr_move_0092,acct_0132,parent_0132,contract_0143,2025-06-15,contraction,generated_history,-260000,3600000,3340000
arr_move_0093,acct_0133,parent_0001,contract_0144,2025-06-15,reactivation,generated_history,270000,3700000,3970000
arr_move_0094,acct_0134,parent_0002,contract_0145,2025-06-15,new,generated_history,280000,3800000,4080000
arr_move_0095,acct_0135,parent_0003,contract_0146,2025-06-15,expansion,generated_history,290000,2000000,2290000
arr_move_0096,acct_0136,parent_0004,contract_0147,2025-06-15,contraction,generated_history,-300000,2100000,1800000
arr_move_0097,acct_0137,parent_0005,contract_0148,2025-06-15,reactivation,generated_history,310000,2200000,2510000
arr_move_0098,acct_0138,parent_0006,contract_0149,2025-06-15,new,generated_history,320000,2300000,2620000
arr_move_0099,acct_0139,parent_0007,contract_0150,2025-06-15,expansion,generated_history,330000,2400000,2730000
arr_move_0100,acct_0140,parent_0008,contract_0151,2025-06-15,contraction,generated_history,-340000,2500000,2160000
arr_move_0101,acct_0141,parent_0009,contract_0152,2025-06-15,reactivation,generated_history,350000,2600000,2950000
arr_move_0102,acct_0142,parent_0010,contract_0153,2025-06-15,new,generated_history,360000,2700000,3060000
arr_move_0103,acct_0143,parent_0011,contract_0154,2025-06-15,expansion,generated_history,370000,2800000,3170000
arr_move_0104,acct_0144,parent_0012,contract_0155,2025-06-15,contraction,generated_history,-250000,2900000,2650000
arr_move_0105,acct_0145,parent_0013,contract_0156,2025-06-15,reactivation,generated_history,260000,3000000,3260000
arr_move_0106,acct_0146,parent_0014,contract_0157,2025-06-15,new,generated_history,270000,3100000,3370000
arr_move_0107,acct_0147,parent_0015,contract_0158,2025-06-15,expansion,generated_history,280000,3200000,3480000
arr_move_0108,acct_0148,parent_0016,contract_0159,2025-06-15,contraction,generated_history,-290000,3300000,3010000
arr_move_0109,acct_0149,parent_0017,contract_0160,2025-06-15,reactivation,generated_history,300000,3400000,3700000
arr_move_0110,acct_0150,parent_0018,contract_0161,2025-06-15,new,generated_history,310000,3500000,3810000
arr_move_0111,acct_0151,parent_0019,contract_0162,2025-06-15,expansion,generated_history,320000,3600000,3920000
arr_move_0112,acct_0152,parent_0020,contract_0163,2025-06-15,contraction,generated_history,-330000,3700000,3370000
arr_move_0113,acct_0153,parent_0021,contract_0164,2025-06-15,reactivation,generated_history,340000,3800000,4140000
arr_move_0114,acct_0154,parent_0022,contract_0165,2025-06-15,new,generated_history,350000,2000000,2350000
arr_move_0115,acct_0155,parent_0023,contract_0166,2025-06-15,expansion,generated_history,360000,2100000,2460000
arr_move_0116,acct_0156,parent_0024,contract_0167,2025-06-15,contraction,generated_history,-370000,2200000,1830000
arr_move_0117,acct_0157,parent_0025,contract_0168,2025-06-15,reactivation,generated_history,250000,2300000,2550000
arr_move_0118,acct_0158,parent_0026,contract_0169,2025-06-15,new,generated_history,260000,2400000,2660000
arr_move_0119,acct_0159,parent_0027,contract_0170,2025-06-15,expansion,generated_history,270000,2500000,2770000
arr_move_0120,acct_0160,parent_0028,contract_0171,2025-06-15,contraction,generated_history,-280000,2600000,2320000
arr_move_0121,acct_0161,parent_0029,contract_0172,2025-06-15,reactivation,generated_history,290000,2700000,2990000
arr_move_0122,acct_0162,parent_0030,contract_0173,2025-06-15,new,generated_history,300000,2800000,3100000
arr_move_0123,acct_0163,parent_0031,contract_0174,2025-06-15,expansion,generated_history,310000,2900000,3210000
arr_move_0124,acct_0164,parent_0032,contract_0175,2025-06-15,contraction,generated_history,-320000,3000000,2680000
arr_move_0125,acct_0165,parent_0033,contract_0176,2025-06-15,reactivation,generated_history,330000,3100000,3430000
arr_move_0126,acct_0166,parent_0034,contract_0177,2025-06-15,new,generated_history,340000,3200000,3540000
arr_move_0127,acct_0167,parent_0035,contract_0178,2025-06-15,expansion,generated_history,350000,3300000,3650000
arr_move_0128,acct_0168,parent_0036,contract_0179,2025-06-15,contraction,generated_history,-360000,3400000,3040000
arr_move_0129,acct_0169,parent_0037,contract_0180,2025-06-15,reactivation,generated_history,370000,3500000,3870000
arr_move_0130,acct_0170,parent_0038,contract_0181,2025-06-15,new,generated_history,250000,3600000,3850000
arr_move_0131,acct_0171,parent_0039,contract_0182,2025-06-15,expansion,generated_history,260000,3700000,3960000
arr_move_0132,acct_0172,parent_0040,contract_0183,2025-06-15,contraction,generated_history,-270000,3800000,3530000
arr_move_0133,acct_0173,parent_0041,contract_0184,2025-06-15,reactivation,generated_history,280000,2000000,2280000
arr_move_0134,acct_0174,parent_0042,contract_0185,2025-06-15,new,generated_history,290000,2100000,2390000
arr_move_0135,acct_0175,parent_0043,contract_0186,2025-06-15,expansion,generated_history,300000,2200000,2500000
arr_move_0136,acct_0176,parent_0044,contract_0187,2025-06-15,contraction,generated_history,-310000,2300000,1990000
arr_move_0137,acct_0177,parent_0045,contract_0188,2025-06-15,reactivation,generated_history,320000,2400000,2720000
arr_move_0138,acct_0178,parent_0046,contract_0189,2025-06-15,new,generated_history,330000,2500000,2830000
arr_move_0139,acct_0179,parent_0047,contract_0190,2025-06-15,expansion,generated_history,340000,2600000,2940000
arr_move_0140,acct_0180,parent_0048,contract_0191,2025-06-15,contraction,generated_history,-350000,2700000,2350000
arr_move_0141,acct_0181,parent_0049,contract_0192,2025-06-15,reactivation,generated_history,360000,2800000,3160000
arr_move_0142,acct_0182,parent_0050,contract_0193,2025-06-15,new,generated_history,370000,2900000,3270000
arr_move_0143,acct_0183,parent_0051,contract_0194,2025-06-15,expansion,generated_history,250000,3000000,3250000
arr_move_0144,acct_0184,parent_0052,contract_0195,2025-06-15,contraction,generated_history,-260000,3100000,2840000
arr_move_0145,acct_0185,parent_0053,contract_0196,2025-06-15,reactivation,generated_history,270000,3200000,3470000
arr_move_0146,acct_0186,parent_0054,contract_0197,2025-06-15,new,generated_history,280000,3300000,3580000
arr_move_0147,acct_0187,parent_0055,contract_0198,2025-06-15,expansion,generated_history,290000,3400000,3690000
arr_move_0148,acct_0188,parent_0056,contract_0199,2025-06-15,contraction,generated_history,-300000,3500000,3200000
arr_move_0149,acct_0189,parent_0057,contract_0200,2025-06-15,reactivation,generated_history,310000,3600000,3910000
arr_move_0150,acct_0090,parent_0090,contract_0201,2025-06-15,new,generated_history,320000,3700000,4020000
arr_move_0151,acct_0091,parent_0091,contract_0202,2025-06-15,expansion,generated_history,330000,3800000,4130000
arr_move_0152,acct_0092,parent_0092,contract_0203,2025-06-15,contraction,generated_history,-340000,2000000,1660000
arr_move_0153,acct_0093,parent_0093,contract_0204,2025-06-15,reactivation,generated_history,350000,2100000,2450000
arr_move_0154,acct_0094,parent_0094,contract_0205,2025-06-15,new,generated_history,360000,2200000,2560000
arr_move_0155,acct_0095,parent_0095,contract_0206,2025-06-15,expansion,generated_history,370000,2300000,2670000
arr_move_0156,acct_0096,parent_0096,contract_0207,2025-06-15,contraction,generated_history,-250000,2400000,2150000
arr_move_0157,acct_0097,parent_0097,contract_0208,2025-06-15,reactivation,generated_history,260000,2500000,2760000
arr_move_0158,acct_0098,parent_0098,contract_0209,2025-06-15,new,generated_history,270000,2600000,2870000
arr_move_0159,acct_0099,parent_0099,contract_0210,2025-06-15,expansion,generated_history,280000,2700000,2980000
arr_move_0160,acct_0100,parent_0100,contract_0211,2025-06-15,contraction,generated_history,-290000,2800000,2510000
arr_move_0161,acct_0101,parent_0101,contract_0212,2025-06-15,reactivation,generated_history,300000,2900000,3200000
arr_move_0162,acct_0102,parent_0102,contract_0213,2025-06-15,new,generated_history,310000,3000000,3310000
arr_move_0163,acct_0103,parent_0103,contract_0214,2025-06-15,expansion,generated_history,320000,3100000,3420000
arr_move_0164,acct_0104,parent_0104,contract_0215,2025-06-15,contraction,generated_history,-330000,3200000,2870000
arr_move_0165,acct_0105,parent_0105,contract_0216,2025-06-15,reactivation,generated_history,340000,3300000,3640000
arr_move_0166,acct_0106,parent_0106,contract_0217,2025-06-15,new,generated_history,350000,3400000,3750000
arr_move_0167,acct_0107,parent_0107,contract_0218,2025-06-15,expansion,generated_history,360000,3500000,3860000
arr_move_0168,acct_0108,parent_0108,contract_0219,2025-06-15,contraction,generated_history,-370000,3600000,3230000
arr_move_0169,acct_0109,parent_0109,contract_0220,2025-06-15,reactivation,generated_history,250000,3700000,3950000
arr_move_0170,acct_0110,parent_0110,contract_0221,2025-06-15,new,generated_history,260000,3800000,4060000
arr_move_0171,acct_0111,parent_0111,contract_0222,2025-06-15,expansion,generated_history,270000,2000000,2270000
arr_move_0172,acct_0112,parent_0112,contract_0223,2025-06-15,contraction,generated_history,-280000,2100000,1820000
arr_move_0173,acct_0113,parent_0113,contract_0224,2025-06-15,reactivation,generated_history,290000,2200000,2490000
arr_move_0174,acct_0114,parent_0114,contract_0225,2025-06-15,new,generated_history,300000,2300000,2600000
arr_move_0175,acct_0115,parent_0115,contract_0226,2025-06-15,expansion,generated_history,310000,2400000,2710000
arr_move_0176,acct_0116,parent_0116,contract_0227,2025-06-15,contraction,generated_history,-320000,2500000,2180000
arr_move_0177,acct_0117,parent_0117,contract_0228,2025-06-15,reactivation,generated_history,330000,2600000,2930000
arr_move_0178,acct_0118,parent_0118,contract_0229,2025-06-15,new,generated_history,340000,2700000,3040000
arr_move_0179,acct_0119,parent_0119,contract_0230,2025-06-15,expansion,generated_history,350000,2800000,3150000
arr_move_0180,acct_0120,parent_0120,contract_0231,2025-06-15,contraction,generated_history,-360000,2900000,2540000
arr_move_0181,acct_0121,parent_0121,contract_0232,2025-06-15,reactivation,generated_history,370000,3000000,3370000
arr_move_0182,acct_0122,parent_0122,contract_0233,2025-06-15,new,generated_history,250000,3100000,3350000
arr_move_0183,acct_0123,parent_0123,contract_0234,2025-06-15,expansion,generated_history,260000,3200000,3460000
arr_move_0184,acct_0124,parent_0124,contract_0235,2025-06-15,contraction,generated_history,-270000,3300000,3030000
arr_move_0185,acct_0125,parent_0125,contract_0236,2025-06-15,reactivation,generated_history,280000,3400000,3680000
arr_move_0186,acct_0126,parent_0126,contract_0237,2025-06-15,new,generated_history,290000,3500000,3790000
arr_move_0187,acct_0127,parent_0127,contract_0238,2025-06-15,expansion,generated_history,300000,3600000,3900000
arr_move_0188,acct_0128,parent_0128,contract_0239,2025-06-15,contraction,generated_history,-310000,3700000,3390000
arr_move_0189,acct_0129,parent_0129,contract_0240,2025-06-15,reactivation,generated_history,320000,3800000,4120000
arr_move_0190,acct_0130,parent_0130,contract_0241,2025-06-15,new,generated_history,330000,2000000,2330000
arr_move_0191,acct_0131,parent_0131,contract_0242,2025-06-15,expansion,generated_history,340000,2100000,2440000
arr_move_0192,acct_0132,parent_0132,contract_0243,2025-06-15,contraction,generated_history,-350000,2200000,1850000
arr_move_0193,acct_0133,parent_0001,contract_0244,2025-06-15,reactivation,generated_history,360000,2300000,2660000
arr_move_0194,acct_0134,parent_0002,contract_0245,2025-06-15,new,generated_history,370000,2400000,2770000
arr_move_0195,acct_0135,parent_0003,contract_0246,2025-06-15,expansion,generated_history,250000,2500000,2750000
arr_move_0196,acct_0136,parent_0004,contract_0247,2025-06-15,contraction,generated_history,-260000,2600000,2340000
arr_move_0197,acct_0137,parent_0005,contract_0248,2025-06-15,reactivation,generated_history,270000,2700000,2970000
arr_move_0198,acct_0138,parent_0006,contract_0249,2025-06-15,new,generated_history,280000,2800000,3080000
arr_move_0199,acct_0139,parent_0007,contract_0250,2025-06-15,expansion,generated_history,290000,2900000,3190000
arr_move_0200,acct_0140,parent_0008,contract_0251,2025-06-15,contraction,generated_history,-300000,3000000,2700000
arr_move_0201,acct_0141,parent_0009,contract_0252,2025-06-15,reactivation,generated_history,310000,3100000,3410000
arr_move_0202,acct_0142,parent_0010,contract_0253,2025-06-15,new,generated_history,320000,3200000,3520000
arr_move_0203,acct_0143,parent_0011,contract_0254,2025-06-15,expansion,generated_history,330000,3300000,3630000
arr_move_0204,acct_0144,parent_0012,contract_0255,2025-06-15,contraction,generated_history,-340000,3400000,3060000
arr_move_0205,acct_0145,parent_0013,contract_0256,2025-06-15,reactivation,generated_history,350000,3500000,3850000
arr_move_0206,acct_0146,parent_0014,contract_0257,2025-06-15,new,generated_history,360000,3600000,3960000
arr_move_0207,acct_0147,parent_0015,contract_0258,2025-06-15,expansion,generated_history,370000,3700000,4070000
arr_move_0208,acct_0148,parent_0016,contract_0259,2025-06-15,contraction,generated_history,-250000,3800000,3550000
arr_move_0209,acct_0149,parent_0017,contract_0260,2025-06-15,reactivation,generated_history,260000,2000000,2260000
arr_move_0210,acct_0150,parent_0018,contract_0261,2025-06-15,new,generated_history,270000,2100000,2370000
arr_move_0211,acct_0151,parent_0019,contract_0262,2025-06-15,expansion,generated_history,280000,2200000,2480000
arr_move_0212,acct_0152,parent_0020,contract_0263,2025-06-15,contraction,generated_history,-290000,2300000,2010000
arr_move_0213,acct_0153,parent_0021,contract_0264,2025-06-15,reactivation,generated_history,300000,2400000,2700000
arr_move_0214,acct_0154,parent_0022,contract_0265,2025-06-15,new,generated_history,310000,2500000,2810000
arr_move_0215,acct_0155,parent_0023,contract_0266,2025-06-15,expansion,generated_history,320000,2600000,2920000
arr_move_0216,acct_0156,parent_0024,contract_0267,2025-06-15,contraction,generated_history,-330000,2700000,2370000
arr_move_0217,acct_0157,parent_0025,contract_0268,2025-06-15,reactivation,generated_history,340000,2800000,3140000
arr_move_0218,acct_0158,parent_0026,contract_0269,2025-06-15,new,generated_history,350000,2900000,3250000
arr_move_0219,acct_0159,parent_0027,contract_0270,2025-06-15,expansion,generated_history,360000,3000000,3360000
arr_move_0220,acct_0160,parent_0028,contract_0271,2025-06-15,contraction,generated_history,-370000,3100000,2730000
arr_move_0221,acct_0161,parent_0029,contract_0272,2025-06-15,reactivation,generated_history,250000,3200000,3450000
arr_move_0222,acct_0162,parent_0030,contract_0273,2025-06-15,new,generated_history,260000,3300000,3560000
arr_move_0223,acct_0163,parent_0031,contract_0274,2025-06-15,expansion,generated_history,270000,3400000,3670000
arr_move_0224,acct_0164,parent_0032,contract_0275,2025-06-15,contraction,generated_history,-280000,3500000,3220000
arr_move_0225,acct_0165,parent_0033,contract_0276,2025-06-15,reactivation,generated_history,290000,3600000,3890000
arr_move_0226,acct_0166,parent_0034,contract_0277,2025-06-15,new,generated_history,300000,3700000,4000000
arr_move_0227,acct_0167,parent_0035,contract_0278,2025-06-15,expansion,generated_history,310000,3800000,4110000
arr_move_0228,acct_0168,parent_0036,contract_0279,2025-06-15,contraction,generated_history,-320000,2000000,1680000
arr_move_0229,acct_0169,parent_0037,contract_0280,2025-06-15,reactivation,generated_history,330000,2100000,2430000
arr_move_0230,acct_0170,parent_0038,contract_0281,2025-06-15,new,generated_history,340000,2200000,2540000
arr_move_0231,acct_0171,parent_0039,contract_0282,2025-06-15,expansion,generated_history,350000,2300000,2650000
arr_move_0232,acct_0172,parent_0040,contract_0283,2025-06-15,contraction,generated_history,-360000,2400000,2040000
arr_move_0233,acct_0173,parent_0041,contract_0284,2025-06-15,reactivation,generated_history,370000,2500000,2870000
arr_move_0234,acct_0174,parent_0042,contract_0285,2025-06-15,new,generated_history,250000,2600000,2850000
arr_move_0235,acct_0175,parent_0043,contract_0286,2025-06-15,expansion,generated_history,260000,2700000,2960000
arr_move_0236,acct_0176,parent_0044,contract_0287,2025-06-15,contraction,generated_history,-270000,2800000,2530000
arr_move_0237,acct_0177,parent_0045,contract_0288,2025-06-15,reactivation,generated_history,280000,2900000,3180000
arr_move_0238,acct_0178,parent_0046,contract_0289,2025-06-15,new,generated_history,290000,3000000,3290000
arr_move_0239,acct_0179,parent_0047,contract_0290,2025-06-15,expansion,generated_history,300000,3100000,3400000
arr_move_0240,acct_0180,parent_0048,contract_0291,2025-06-15,contraction,generated_history,-310000,3200000,2890000
arr_move_0241,acct_0181,parent_0049,contract_0292,2025-06-15,reactivation,generated_history,320000,3300000,3620000
arr_move_0242,acct_0182,parent_0050,contract_0293,2025-06-15,new,generated_history,330000,3400000,3730000
arr_move_0243,acct_0183,parent_0051,contract_0294,2025-06-15,expansion,generated_history,340000,3500000,3840000
arr_move_0244,acct_0184,parent_0052,contract_0295,2025-06-15,contraction,generated_history,-350000,3600000,3250000
arr_move_0245,acct_0185,parent_0053,contract_0296,2025-06-15,reactivation,generated_history,360000,3700000,4060000
arr_move_0246,acct_0186,parent_0054,contract_0297,2025-06-15,new,generated_history,370000,3800000,4170000
arr_move_0247,acct_0187,parent_0055,contract_0298,2025-06-15,expansion,generated_history,250000,2000000,2250000
arr_move_0248,acct_0188,parent_0056,contract_0299,2025-06-15,contraction,generated_history,-260000,2100000,1840000
arr_move_0249,acct_0189,parent_0057,contract_0300,2025-06-15,reactivation,generated_history,270000,2200000,2470000
arr_move_0250,acct_0090,parent_0090,contract_0301,2025-06-15,new,generated_history,280000,2300000,2580000
arr_move_0251,acct_0091,parent_0091,contract_0302,2025-06-15,expansion,generated_history,290000,2400000,2690000
arr_move_0252,acct_0092,parent_0092,contract_0303,2025-06-15,contraction,generated_history,-300000,2500000,2200000
arr_move_0253,acct_0093,parent_0093,contract_0304,2025-06-15,reactivation,generated_history,310000,2600000,2910000
arr_move_0254,acct_0094,parent_0094,contract_0305,2025-06-15,new,generated_history,320000,2700000,3020000
arr_move_0255,acct_0095,parent_0095,contract_0306,2025-06-15,expansion,generated_history,330000,2800000,3130000
arr_move_0256,acct_0096,parent_0096,contract_0307,2025-06-15,contraction,generated_history,-340000,2900000,2560000
arr_move_0257,acct_0097,parent_0097,contract_0308,2025-06-15,reactivation,generated_history,350000,3000000,3350000
arr_move_0258,acct_0098,parent_0098,contract_0309,2025-06-15,new,generated_history,360000,3100000,3460000
arr_move_0259,acct_0099,parent_0099,contract_0310,2025-06-15,expansion,generated_history,370000,3200000,3570000
arr_move_0260,acct_0100,parent_0100,contract_0311,2025-06-15,contraction,generated_history,-250000,3300000,3050000
arr_move_0261,acct_0101,parent_0101,contract_0312,2025-06-15,reactivation,generated_history,260000,3400000,3660000
arr_move_0262,acct_0102,parent_0102,contract_0313,2025-06-15,new,generated_history,270000,3500000,3770000
arr_move_0263,acct_0103,parent_0103,contract_0314,2025-06-15,expansion,generated_history,280000,3600000,3880000
arr_move_0264,acct_0104,parent_0104,contract_0315,2025-06-15,contraction,generated_history,-290000,3700000,3410000
arr_move_0265,acct_0105,parent_0105,contract_0316,2025-06-15,reactivation,generated_history,300000,3800000,4100000
arr_move_0266,acct_0106,parent_0106,contract_0317,2025-06-15,new,generated_history,310000,2000000,2310000
arr_move_0267,acct_0107,parent_0107,contract_0318,2025-06-15,expansion,generated_history,320000,2100000,2420000
arr_move_0268,acct_0108,parent_0108,contract_0319,2025-06-15,contraction,generated_history,-330000,2200000,1870000
arr_move_0269,acct_0109,parent_0109,contract_0320,2025-06-15,reactivation,generated_history,340000,2300000,2640000
arr_move_0270,acct_0110,parent_0110,contract_0101,2025-06-15,new,generated_history,350000,2400000,2750000
arr_move_0271,acct_0111,parent_0111,contract_0102,2025-06-15,expansion,generated_history,360000,2500000,2860000
arr_move_0272,acct_0112,parent_0112,contract_0103,2025-06-15,contraction,generated_history,-370000,2600000,2230000
arr_move_0273,acct_0113,parent_0113,contract_0104,2025-06-15,reactivation,generated_history,250000,2700000,2950000
arr_move_0274,acct_0114,parent_0114,contract_0105,2025-06-15,new,generated_history,260000,2800000,3060000
arr_move_0275,acct_0115,parent_0115,contract_0106,2025-06-15,expansion,generated_history,270000,2900000,3170000
arr_move_0276,acct_0116,parent_0116,contract_0107,2025-06-15,contraction,generated_history,-280000,3000000,2720000
arr_move_0277,acct_0117,parent_0117,contract_0108,2025-06-15,reactivation,generated_history,290000,3100000,3390000
arr_move_0278,acct_0118,parent_0118,contract_0109,2025-06-15,new,generated_history,300000,3200000,3500000
arr_move_0279,acct_0119,parent_0119,contract_0110,2025-06-15,expansion,generated_history,310000,3300000,3610000
arr_move_0280,acct_0120,parent_0120,contract_0111,2025-06-15,contraction,generated_history,-320000,3400000,3080000
arr_move_0281,acct_0121,parent_0121,contract_0112,2025-06-15,reactivation,generated_history,330000,3500000,3830000
arr_move_0282,acct_0122,parent_0122,contract_0113,2025-06-15,new,generated_history,340000,3600000,3940000
arr_move_0283,acct_0123,parent_0123,contract_0114,2025-06-15,expansion,generated_history,350000,3700000,4050000
arr_move_0284,acct_0124,parent_0124,contract_0115,2025-06-15,contraction,generated_history,-360000,3800000,3440000
arr_move_0285,acct_0125,parent_0125,contract_0116,2025-06-15,reactivation,generated_history,370000,2000000,2370000
arr_move_0286,acct_0126,parent_0126,contract_0117,2025-06-15,new,generated_history,250000,2100000,2350000
arr_move_0287,acct_0127,parent_0127,contract_0118,2025-06-15,expansion,generated_history,260000,2200000,2460000
arr_move_0288,acct_0128,parent_0128,contract_0119,2025-06-15,contraction,generated_history,-270000,2300000,2030000
arr_move_0289,acct_0129,parent_0129,contract_0120,2025-06-15,reactivation,generated_history,280000,2400000,2680000
arr_move_0290,acct_0130,parent_0130,contract_0121,2025-06-15,new,generated_history,290000,2500000,2790000
arr_move_0291,acct_0131,parent_0131,contract_0122,2025-06-15,expansion,generated_history,300000,2600000,2900000
arr_move_0292,acct_0132,parent_0132,contract_0123,2025-06-15,contraction,generated_history,-310000,2700000,2390000
arr_move_0293,acct_0133,parent_0001,contract_0124,2025-06-15,reactivation,generated_history,320000,2800000,3120000
arr_move_0294,acct_0134,parent_0002,contract_0125,2025-06-15,new,generated_history,330000,2900000,3230000
arr_move_0295,acct_0135,parent_0003,contract_0126,2025-06-15,expansion,generated_history,340000,3000000,3340000
arr_move_0296,acct_0136,parent_0004,contract_0127,2025-06-15,contraction,generated_history,-350000,3100000,2750000
arr_move_0297,acct_0137,parent_0005,contract_0128,2025-06-15,reactivation,generated_history,360000,3200000,3560000
arr_move_0298,acct_0138,parent_0006,contract_0129,2025-06-15,new,generated_history,370000,3300000,3670000
arr_move_0299,acct_0139,parent_0007,contract_0130,2025-06-15,expansion,generated_history,250000,3400000,3650000
arr_move_0300,acct_0140,parent_0008,contract_0131,2025-06-15,contraction,generated_history,-260000,3500000,3240000
arr_move_0301,acct_0141,parent_0009,contract_0132,2025-06-15,reactivation,generated_history,270000,3600000,3870000
arr_move_0302,acct_0142,parent_0010,contract_0133,2025-06-15,new,generated_history,280000,3700000,3980000
arr_move_0303,acct_0143,parent_0011,contract_0134,2025-06-15,expansion,generated_history,290000,3800000,4090000
arr_move_0304,acct_0144,parent_0012,contract_0135,2025-06-15,contraction,generated_history,-300000,2000000,1700000
arr_move_0305,acct_0145,parent_0013,contract_0136,2025-06-15,reactivation,generated_history,310000,2100000,2410000
arr_move_0306,acct_0146,parent_0014,contract_0137,2025-06-15,new,generated_history,320000,2200000,2520000
arr_move_0307,acct_0147,parent_0015,contract_0138,2025-06-15,expansion,generated_history,330000,2300000,2630000
arr_move_0308,acct_0148,parent_0016,contract_0139,2025-06-15,contraction,generated_history,-340000,2400000,2060000
arr_move_0309,acct_0149,parent_0017,contract_0140,2025-06-15,reactivation,generated_history,350000,2500000,2850000
arr_move_0310,acct_0150,parent_0018,contract_0141,2025-06-15,new,generated_history,360000,2600000,2960000
arr_move_0311,acct_0151,parent_0019,contract_0142,2025-06-15,expansion,generated_history,370000,2700000,3070000
arr_move_0312,acct_0152,parent_0020,contract_0143,2025-06-15,contraction,generated_history,-250000,2800000,2550000
arr_move_0313,acct_0153,parent_0021,contract_0144,2025-06-15,reactivation,generated_history,260000,2900000,3160000
arr_move_0314,acct_0154,parent_0022,contract_0145,2025-06-15,new,generated_history,270000,3000000,3270000
arr_move_0315,acct_0155,parent_0023,contract_0146,2025-06-15,expansion,generated_history,280000,3100000,3380000
arr_move_0316,acct_0156,parent_0024,contract_0147,2025-06-15,contraction,generated_history,-290000,3200000,2910000
arr_move_0317,acct_0157,parent_0025,contract_0148,2025-06-15,reactivation,generated_history,300000,3300000,3600000
arr_move_0318,acct_0158,parent_0026,contract_0149,2025-06-15,new,generated_history,310000,3400000,3710000
arr_move_0319,acct_0159,parent_0027,contract_0150,2025-06-15,expansion,generated_history,320000,3500000,3820000
arr_move_0320,acct_0160,parent_0028,contract_0151,2025-06-15,contraction,generated_history,-330000,3600000,3270000
arr_move_0321,acct_0161,parent_0029,contract_0152,2025-06-15,reactivation,generated_history,340000,3700000,4040000
arr_move_0322,acct_0162,parent_0030,contract_0153,2025-06-15,new,generated_history,350000,3800000,4150000
arr_move_0323,acct_0163,parent_0031,contract_0154,2025-06-15,expansion,generated_history,360000,2000000,2360000
arr_move_0324,acct_0164,parent_0032,contract_0155,2025-06-15,contraction,generated_history,-370000,2100000,1730000
arr_move_0325,acct_0165,parent_0033,contract_0156,2025-06-15,reactivation,generated_history,250000,2200000,2450000
arr_move_0326,acct_0166,parent_0034,contract_0157,2025-06-15,new,generated_history,260000,2300000,2560000
arr_move_0327,acct_0167,parent_0035,contract_0158,2025-06-15,expansion,generated_history,270000,2400000,2670000
arr_move_0328,acct_0168,parent_0036,contract_0159,2025-06-15,contraction,generated_history,-280000,2500000,2220000
arr_move_0329,acct_0169,parent_0037,contract_0160,2025-06-15,reactivation,generated_history,290000,2600000,2890000
arr_move_0330,acct_0170,parent_0038,contract_0161,2025-06-15,new,generated_history,300000,2700000,3000000
arr_move_0331,acct_0171,parent_0039,contract_0162,2025-06-15,expansion,generated_history,310000,2800000,3110000
arr_move_0332,acct_0172,parent_0040,contract_0163,2025-06-15,contraction,generated_history,-320000,2900000,2580000
arr_move_0333,acct_0173,parent_0041,contract_0164,2025-06-15,reactivation,generated_history,330000,3000000,3330000
arr_move_0334,acct_0174,parent_0042,contract_0165,2025-06-15,new,generated_history,340000,3100000,3440000
arr_move_0335,acct_0175,parent_0043,contract_0166,2025-06-15,expansion,generated_history,350000,3200000,3550000
arr_move_0336,acct_0176,parent_0044,contract_0167,2025-06-15,contraction,generated_history,-360000,3300000,2940000
arr_move_0337,acct_0177,parent_0045,contract_0168,2025-06-15,reactivation,generated_history,370000,3400000,3770000
arr_move_0338,acct_0178,parent_0046,contract_0169,2025-06-15,new,generated_history,250000,3500000,3750000
arr_move_0339,acct_0179,parent_0047,contract_0170,2025-06-15,expansion,generated_history,260000,3600000,3860000
arr_move_0340,acct_0180,parent_0048,contract_0171,2025-06-15,contraction,generated_history,-270000,3700000,3430000
arr_move_0341,acct_0181,parent_0049,contract_0172,2025-06-15,reactivation,generated_history,280000,3800000,4080000
arr_move_0342,acct_0182,parent_0050,contract_0173,2025-06-15,new,generated_history,290000,2000000,2290000
arr_move_0343,acct_0183,parent_0051,contract_0174,2025-06-15,expansion,generated_history,300000,2100000,2400000
arr_move_0344,acct_0184,parent_0052,contract_0175,2025-06-15,contraction,generated_history,-310000,2200000,1890000
arr_move_0345,acct_0185,parent_0053,contract_0176,2025-06-15,reactivation,generated_history,320000,2300000,2620000
arr_move_0346,acct_0186,parent_0054,contract_0177,2025-06-15,new,generated_history,330000,2400000,2730000
arr_move_0347,acct_0187,parent_0055,contract_0178,2025-06-15,expansion,generated_history,340000,2500000,2840000
arr_move_0348,acct_0188,parent_0056,contract_0179,2025-06-15,contraction,generated_history,-350000,2600000,2250000
arr_move_0349,acct_0189,parent_0057,contract_0180,2025-06-15,reactivation,generated_history,360000,2700000,3060000
arr_move_0350,acct_0090,parent_0090,contract_0181,2025-06-15,new,generated_history,370000,2800000,3170000
arr_move_0351,acct_0091,parent_0091,contract_0182,2025-06-15,expansion,generated_history,250000,2900000,3150000
arr_move_0352,acct_0092,parent_0092,contract_0183,2025-06-15,contraction,generated_history,-260000,3000000,2740000
arr_move_0353,acct_0093,parent_0093,contract_0184,2025-06-15,reactivation,generated_history,270000,3100000,3370000
arr_move_0354,acct_0094,parent_0094,contract_0185,2025-06-15,new,generated_history,280000,3200000,3480000
arr_move_0355,acct_0095,parent_0095,contract_0186,2025-06-15,expansion,generated_history,290000,3300000,3590000
arr_move_0356,acct_0096,parent_0096,contract_0187,2025-06-15,contraction,generated_history,-300000,3400000,3100000
arr_move_0357,acct_0097,parent_0097,contract_0188,2025-06-15,reactivation,generated_history,310000,3500000,3810000
arr_move_0358,acct_0098,parent_0098,contract_0189,2025-06-15,new,generated_history,320000,3600000,3920000
arr_move_0359,acct_0099,parent_0099,contract_0190,2025-06-15,expansion,generated_history,330000,3700000,4030000
arr_move_0360,acct_0100,parent_0100,contract_0191,2025-06-15,contraction,generated_history,-340000,3800000,3460000
arr_move_0361,acct_0101,parent_0101,contract_0192,2025-06-15,reactivation,generated_history,350000,2000000,2350000
arr_move_0362,acct_0102,parent_0102,contract_0193,2025-06-15,new,generated_history,360000,2100000,2460000
arr_move_0363,acct_0103,parent_0103,contract_0194,2025-06-15,expansion,generated_history,370000,2200000,2570000
arr_move_0364,acct_0104,parent_0104,contract_0195,2025-06-15,contraction,generated_history,-250000,2300000,2050000
arr_move_0365,acct_0105,parent_0105,contract_0196,2025-06-15,reactivation,generated_history,260000,2400000,2660000
arr_move_0366,acct_0106,parent_0106,contract_0197,2025-06-15,new,generated_history,270000,2500000,2770000
arr_move_0367,acct_0107,parent_0107,contract_0198,2025-06-15,expansion,generated_history,280000,2600000,2880000
arr_move_0368,acct_0108,parent_0108,contract_0199,2025-06-15,contraction,generated_history,-290000,2700000,2410000
arr_move_0369,acct_0109,parent_0109,contract_0200,2025-06-15,reactivation,generated_history,300000,2800000,3100000
arr_move_0370,acct_0110,parent_0110,contract_0201,2025-06-15,new,generated_history,310000,2900000,3210000
arr_move_0371,acct_0111,parent_0111,contract_0202,2025-06-15,expansion,generated_history,320000,3000000,3320000
arr_move_0372,acct_0112,parent_0112,contract_0203,2025-06-15,contraction,generated_history,-330000,3100000,2770000
arr_move_0373,acct_0113,parent_0113,contract_0204,2025-06-15,reactivation,generated_history,340000,3200000,3540000
arr_move_0374,acct_0114,parent_0114,contract_0205,2025-06-15,new,generated_history,350000,3300000,3650000
arr_move_0375,acct_0115,parent_0115,contract_0206,2025-06-15,expansion,generated_history,360000,3400000,3760000
arr_move_0376,acct_0116,parent_0116,contract_0207,2025-06-15,contraction,generated_history,-370000,3500000,3130000
arr_move_0377,acct_0117,parent_0117,contract_0208,2025-06-15,reactivation,generated_history,250000,3600000,3850000
arr_move_0378,acct_0118,parent_0118,contract_0209,2025-06-15,new,generated_history,260000,3700000,3960000
arr_move_0379,acct_0119,parent_0119,contract_0210,2025-06-15,expansion,generated_history,270000,3800000,4070000
arr_move_0380,acct_0120,parent_0120,contract_0211,2025-06-15,contraction,generated_history,-280000,2000000,1720000
arr_move_0381,acct_0121,parent_0121,contract_0212,2025-06-15,reactivation,generated_history,290000,2100000,2390000
arr_move_0382,acct_0122,parent_0122,contract_0213,2025-06-15,new,generated_history,300000,2200000,2500000
arr_move_0383,acct_0123,parent_0123,contract_0214,2025-06-15,expansion,generated_history,310000,2300000,2610000
arr_move_0384,acct_0124,parent_0124,contract_0215,2025-06-15,contraction,generated_history,-320000,2400000,2080000
arr_move_0385,acct_0125,parent_0125,contract_0216,2025-06-15,reactivation,generated_history,330000,2500000,2830000
arr_move_0386,acct_0126,parent_0126,contract_0217,2025-06-15,new,generated_history,340000,2600000,2940000
arr_move_0387,acct_0127,parent_0127,contract_0218,2025-06-15,expansion,generated_history,350000,2700000,3050000
arr_move_0388,acct_0128,parent_0128,contract_0219,2025-06-15,contraction,generated_history,-360000,2800000,2440000
arr_move_0389,acct_0129,parent_0129,contract_0220,2025-06-15,reactivation,generated_history,370000,2900000,3270000
arr_move_0390,acct_0130,parent_0130,contract_0221,2025-06-15,new,generated_history,250000,3000000,3250000
arr_move_0391,acct_0131,parent_0131,contract_0222,2025-06-15,expansion,generated_history,260000,3100000,3360000
arr_move_0392,acct_0132,parent_0132,contract_0223,2025-06-15,contraction,generated_history,-270000,3200000,2930000
arr_move_0393,acct_0133,parent_0001,contract_0224,2025-06-15,reactivation,generated_history,280000,3300000,3580000
arr_move_0394,acct_0134,parent_0002,contract_0225,2025-06-15,new,generated_history,290000,3400000,3690000
arr_move_0395,acct_0135,parent_0003,contract_0226,2025-06-15,expansion,generated_history,300000,3500000,3800000
arr_move_0396,acct_0136,parent_0004,contract_0227,2025-06-15,contraction,generated_history,-310000,3600000,3290000
arr_move_0397,acct_0137,parent_0005,contract_0228,2025-06-15,reactivation,generated_history,320000,3700000,4020000
arr_move_0398,acct_0138,parent_0006,contract_0229,2025-06-15,new,generated_history,330000,3800000,4130000
arr_move_0399,acct_0139,parent_0007,contract_0230,2025-06-15,expansion,generated_history,340000,2000000,2340000
arr_move_0400,acct_0140,parent_0008,contract_0231,2025-06-15,contraction,generated_history,-350000,2100000,1750000
arr_move_0401,acct_0141,parent_0009,contract_0232,2025-06-15,reactivation,generated_history,360000,2200000,2560000
arr_move_0402,acct_0142,parent_0010,contract_0233,2025-06-15,new,generated_history,370000,2300000,2670000
arr_move_0403,acct_0143,parent_0011,contract_0234,2025-06-15,expansion,generated_history,250000,2400000,2650000
arr_move_0404,acct_0144,parent_0012,contract_0235,2025-06-15,contraction,generated_history,-260000,2500000,2240000
arr_move_0405,acct_0145,parent_0013,contract_0236,2025-06-15,reactivation,generated_history,270000,2600000,2870000
arr_move_0406,acct_0146,parent_0014,contract_0237,2025-06-15,new,generated_history,280000,2700000,2980000
arr_move_0407,acct_0147,parent_0015,contract_0238,2025-06-15,expansion,generated_history,290000,2800000,3090000
arr_move_0408,acct_0148,parent_0016,contract_0239,2025-06-15,contraction,generated_history,-300000,2900000,2600000
arr_move_0409,acct_0149,parent_0017,contract_0240,2025-06-15,reactivation,generated_history,310000,3000000,3310000
arr_move_0410,acct_0150,parent_0018,contract_0241,2025-06-15,new,generated_history,320000,3100000,3420000
arr_move_0411,acct_0151,parent_0019,contract_0242,2025-06-15,expansion,generated_history,330000,3200000,3530000
arr_move_0412,acct_0152,parent_0020,contract_0243,2025-06-15,contraction,generated_history,-340000,3300000,2960000
arr_move_0413,acct_0153,parent_0021,contract_0244,2025-06-15,reactivation,generated_history,350000,3400000,3750000
arr_move_0414,acct_0154,parent_0022,contract_0245,2025-06-15,new,generated_history,360000,3500000,3860000
arr_move_0415,acct_0155,parent_0023,contract_0246,2025-06-15,expansion,generated_history,370000,3600000,3970000
arr_move_0416,acct_0156,parent_0024,contract_0247,2025-06-15,contraction,generated_history,-250000,3700000,3450000
arr_move_0417,acct_0157,parent_0025,contract_0248,2025-06-15,reactivation,generated_history,260000,3800000,4060000
arr_move_0418,acct_0158,parent_0026,contract_0249,2025-06-15,new,generated_history,270000,2000000,2270000
arr_move_0419,acct_0159,parent_0027,contract_0250,2025-06-15,expansion,generated_history,280000,2100000,2380000
arr_move_0420,acct_0160,parent_0028,contract_0251,2025-06-15,contraction,generated_history,-290000,2200000,1910000
arr_move_0421,acct_0161,parent_0029,contract_0252,2025-06-15,reactivation,generated_history,300000,2300000,2600000
arr_move_0422,acct_0162,parent_0030,contract_0253,2025-06-15,new,generated_history,310000,2400000,2710000
arr_move_0423,acct_0163,parent_0031,contract_0254,2025-06-15,expansion,generated_history,320000,2500000,2820000
arr_move_0424,acct_0164,parent_0032,contract_0255,2025-06-15,contraction,generated_history,-330000,2600000,2270000
arr_move_0425,acct_0165,parent_0033,contract_0256,2025-06-15,reactivation,generated_history,340000,2700000,3040000
arr_move_0426,acct_0166,parent_0034,contract_0257,2025-06-15,new,generated_history,350000,2800000,3150000
arr_move_0427,acct_0167,parent_0035,contract_0258,2025-06-15,expansion,generated_history,360000,2900000,3260000
arr_move_0428,acct_0168,parent_0036,contract_0259,2025-06-15,contraction,generated_history,-370000,3000000,2630000
arr_move_0429,acct_0169,parent_0037,contract_0260,2025-06-15,reactivation,generated_history,250000,3100000,3350000
arr_move_0430,acct_0170,parent_0038,contract_0261,2025-06-15,new,generated_history,260000,3200000,3460000
arr_move_0431,acct_0171,parent_0039,contract_0262,2025-06-15,expansion,generated_history,270000,3300000,3570000
arr_move_0432,acct_0172,parent_0040,contract_0263,2025-06-15,contraction,generated_history,-280000,3400000,3120000
arr_move_0433,acct_0173,parent_0041,contract_0264,2025-06-15,reactivation,generated_history,290000,3500000,3790000
arr_move_0434,acct_0174,parent_0042,contract_0265,2025-06-15,new,generated_history,300000,3600000,3900000
arr_move_0435,acct_0175,parent_0043,contract_0266,2025-06-15,expansion,generated_history,310000,3700000,4010000
arr_move_0436,acct_0176,parent_0044,contract_0267,2025-06-15,contraction,generated_history,-320000,3800000,3480000
arr_move_0437,acct_0177,parent_0045,contract_0268,2025-06-15,reactivation,generated_history,330000,2000000,2330000
arr_move_0438,acct_0178,parent_0046,contract_0269,2025-06-15,new,generated_history,340000,2100000,2440000
arr_move_0439,acct_0179,parent_0047,contract_0270,2025-06-15,expansion,generated_history,350000,2200000,2550000
arr_move_0440,acct_0180,parent_0048,contract_0271,2025-06-15,contraction,generated_history,-360000,2300000,1940000
arr_move_0441,acct_0181,parent_0049,contract_0272,2025-06-15,reactivation,generated_history,370000,2400000,2770000
arr_move_0442,acct_0182,parent_0050,contract_0273,2025-06-15,new,generated_history,250000,2500000,2750000
arr_move_0443,acct_0183,parent_0051,contract_0274,2025-06-15,expansion,generated_history,260000,2600000,2860000
arr_move_0444,acct_0184,parent_0052,contract_0275,2025-06-15,contraction,generated_history,-270000,2700000,2430000
arr_move_0445,acct_0185,parent_0053,contract_0276,2025-06-15,reactivation,generated_history,280000,2800000,3080000
arr_move_0446,acct_0186,parent_0054,contract_0277,2025-06-15,new,generated_history,290000,2900000,3190000
arr_move_0447,acct_0187,parent_0055,contract_0278,2025-06-15,expansion,generated_history,300000,3000000,3300000
arr_move_0448,acct_0188,parent_0056,contract_0279,2025-06-15,contraction,generated_history,-310000,3100000,2790000
arr_move_0449,acct_0189,parent_0057,contract_0280,2025-06-15,reactivation,generated_history,320000,3200000,3520000
arr_move_0450,acct_0090,parent_0090,contract_0281,2025-06-15,new,generated_history,330000,3300000,3630000
arr_move_0451,acct_0091,parent_0091,contract_0282,2025-06-15,expansion,generated_history,340000,3400000,3740000
arr_move_0452,acct_0092,parent_0092,contract_0283,2025-06-15,contraction,generated_history,-350000,3500000,3150000
arr_move_0453,acct_0093,parent_0093,contract_0284,2025-06-15,reactivation,generated_history,360000,3600000,3960000
arr_move_0454,acct_0094,parent_0094,contract_0285,2025-06-15,new,generated_history,370000,3700000,4070000
arr_move_0455,acct_0095,parent_0095,contract_0286,2025-06-15,expansion,generated_history,250000,3800000,4050000
arr_move_0456,acct_0096,parent_0096,contract_0287,2025-06-15,contraction,generated_history,-260000,2000000,1740000
arr_move_0457,acct_0097,parent_0097,contract_0288,2025-06-15,reactivation,generated_history,270000,2100000,2370000
arr_move_0458,acct_0098,parent_0098,contract_0289,2025-06-15,new,generated_history,280000,2200000,2480000
arr_move_0459,acct_0099,parent_0099,contract_0290,2025-06-15,expansion,generated_history,290000,2300000,2590000
arr_move_0460,acct_0100,parent_0100,contract_0291,2025-06-15,contraction,generated_history,-300000,2400000,2100000
arr_move_0461,acct_0101,parent_0101,contract_0292,2025-06-15,reactivation,generated_history,310000,2500000,2810000
arr_move_0462,acct_0102,parent_0102,contract_0293,2025-06-15,new,generated_history,320000,2600000,2920000
arr_move_0463,acct_0103,parent_0103,contract_0294,2025-06-15,expansion,generated_history,330000,2700000,3030000
arr_move_0464,acct_0104,parent_0104,contract_0295,2025-06-15,contraction,generated_history,-340000,2800000,2460000
arr_move_0465,acct_0105,parent_0105,contract_0296,2025-06-15,reactivation,generated_history,350000,2900000,3250000
arr_move_0466,acct_0106,parent_0106,contract_0297,2025-06-15,new,generated_history,360000,3000000,3360000
arr_move_0467,acct_0107,parent_0107,contract_0298,2025-06-15,expansion,generated_history,370000,3100000,3470000
arr_move_0468,acct_0108,parent_0108,contract_0299,2025-06-15,contraction,generated_history,-250000,3200000,2950000
arr_move_0469,acct_0109,parent_0109,contract_0300,2025-06-15,reactivation,generated_history,260000,3300000,3560000
arr_move_0470,acct_0110,parent_0110,contract_0301,2025-06-15,new,generated_history,270000,3400000,3670000
arr_move_0471,acct_0111,parent_0111,contract_0302,2025-06-15,expansion,generated_history,280000,3500000,3780000
arr_move_0472,acct_0112,parent_0112,contract_0303,2025-06-15,contraction,generated_history,-290000,3600000,3310000
arr_move_0473,acct_0113,parent_0113,contract_0304,2025-06-15,reactivation,generated_history,300000,3700000,4000000
arr_move_0474,acct_0114,parent_0114,contract_0305,2025-06-15,new,generated_history,310000,3800000,4110000
arr_move_0475,acct_0115,parent_0115,contract_0306,2025-06-15,expansion,generated_history,320000,2000000,2320000
arr_move_0476,acct_0116,parent_0116,contract_0307,2025-06-15,contraction,generated_history,-330000,2100000,1770000
arr_move_0477,acct_0117,parent_0117,contract_0308,2025-06-15,reactivation,generated_history,340000,2200000,2540000
arr_move_0478,acct_0118,parent_0118,contract_0309,2025-06-15,new,generated_history,350000,2300000,2650000
arr_move_0479,acct_0119,parent_0119,contract_0310,2025-06-15,expansion,generated_history,360000,2400000,2760000
arr_move_0480,acct_0120,parent_0120,contract_0311,2025-06-15,contraction,generated_history,-370000,2500000,2130000
arr_move_0481,acct_0121,parent_0121,contract_0312,2025-06-15,reactivation,generated_history,250000,2600000,2850000
arr_move_0482,acct_0122,parent_0122,contract_0313,2025-06-15,new,generated_history,260000,2700000,2960000
arr_move_0483,acct_0123,parent_0123,contract_0314,2025-06-15,expansion,generated_history,270000,2800000,3070000
arr_move_0484,acct_0124,parent_0124,contract_0315,2025-06-15,contraction,generated_history,-280000,2900000,2620000
arr_move_0485,acct_0125,parent_0125,contract_0316,2025-06-15,reactivation,generated_history,290000,3000000,3290000
arr_move_0486,acct_0126,parent_0126,contract_0317,2025-06-15,new,generated_history,300000,3100000,3400000
arr_move_0487,acct_0127,parent_0127,contract_0318,2025-06-15,expansion,generated_history,310000,3200000,3510000
arr_move_0488,acct_0128,parent_0128,contract_0319,2025-06-15,contraction,generated_history,-320000,3300000,2980000
arr_move_0489,acct_0129,parent_0129,contract_0320,2025-06-15,reactivation,generated_history,330000,3400000,3730000
arr_move_0490,acct_0130,parent_0130,contract_0101,2025-06-15,new,generated_history,340000,3500000,3840000
arr_move_0491,acct_0131,parent_0131,contract_0102,2025-06-15,expansion,generated_history,350000,3600000,3950000
arr_move_0492,acct_0132,parent_0132,contract_0103,2025-06-15,contraction,generated_history,-360000,3700000,3340000
arr_move_0493,acct_0133,parent_0001,contract_0104,2025-06-15,reactivation,generated_history,370000,3800000,4170000
arr_move_0494,acct_0134,parent_0002,contract_0105,2025-06-15,new,generated_history,250000,2000000,2250000
arr_move_0495,acct_0135,parent_0003,contract_0106,2025-06-15,expansion,generated_history,260000,2100000,2360000
arr_move_0496,acct_0136,parent_0004,contract_0107,2025-06-15,contraction,generated_history,-270000,2200000,1930000
arr_move_0497,acct_0137,parent_0005,contract_0108,2025-06-15,reactivation,generated_history,280000,2300000,2580000
arr_move_0498,acct_0138,parent_0006,contract_0109,2025-06-15,new,generated_history,290000,2400000,2690000
arr_move_0499,acct_0139,parent_0007,contract_0110,2025-06-15,expansion,generated_history,300000,2500000,2800000
arr_move_0500,acct_0140,parent_0008,contract_0111,2025-06-15,contraction,generated_history,-310000,2600000,2290000
arr_move_0501,acct_0141,parent_0009,contract_0112,2025-06-15,reactivation,generated_history,320000,2700000,3020000
arr_move_0502,acct_0142,parent_0010,contract_0113,2025-06-15,new,generated_history,330000,2800000,3130000
arr_move_0503,acct_0143,parent_0011,contract_0114,2025-06-15,expansion,generated_history,340000,2900000,3240000
arr_move_0504,acct_0144,parent_0012,contract_0115,2025-06-15,contraction,generated_history,-350000,3000000,2650000
arr_move_0505,acct_0145,parent_0013,contract_0116,2025-06-15,reactivation,generated_history,360000,3100000,3460000
arr_move_0506,acct_0146,parent_0014,contract_0117,2025-06-15,new,generated_history,370000,3200000,3570000
arr_move_0507,acct_0147,parent_0015,contract_0118,2025-06-15,expansion,generated_history,250000,3300000,3550000
arr_move_0508,acct_0148,parent_0016,contract_0119,2025-06-15,contraction,generated_history,-260000,3400000,3140000
arr_move_0509,acct_0149,parent_0017,contract_0120,2025-06-15,reactivation,generated_history,270000,3500000,3770000
arr_move_0510,acct_0150,parent_0018,contract_0121,2025-06-15,new,generated_history,280000,3600000,3880000
arr_move_0511,acct_0151,parent_0019,contract_0122,2025-06-15,expansion,generated_history,290000,3700000,3990000
arr_move_0512,acct_0152,parent_0020,contract_0123,2025-06-15,contraction,generated_history,-300000,3800000,3500000
arr_move_0513,acct_0153,parent_0021,contract_0124,2025-06-15,reactivation,generated_history,310000,2000000,2310000
arr_move_0514,acct_0154,parent_0022,contract_0125,2025-06-15,new,generated_history,320000,2100000,2420000
arr_move_0515,acct_0155,parent_0023,contract_0126,2025-06-15,expansion,generated_history,330000,2200000,2530000
arr_move_0516,acct_0156,parent_0024,contract_0127,2025-06-15,contraction,generated_history,-340000,2300000,1960000
arr_move_0517,acct_0157,parent_0025,contract_0128,2025-06-15,reactivation,generated_history,350000,2400000,2750000
arr_move_0518,acct_0158,parent_0026,contract_0129,2025-06-15,new,generated_history,360000,2500000,2860000
arr_move_0519,acct_0159,parent_0027,contract_0130,2025-06-15,expansion,generated_history,370000,2600000,2970000
arr_move_0520,acct_0160,parent_0028,contract_0131,2025-06-15,contraction,generated_history,-250000,2700000,2450000
arr_move_0521,acct_0161,parent_0029,contract_0132,2025-06-15,reactivation,generated_history,260000,2800000,3060000
arr_move_0522,acct_0162,parent_0030,contract_0133,2025-06-15,new,generated_history,270000,2900000,3170000
arr_move_0523,acct_0163,parent_0031,contract_0134,2025-06-15,expansion,generated_history,280000,3000000,3280000
arr_move_0524,acct_0164,parent_0032,contract_0135,2025-06-15,contraction,generated_history,-290000,3100000,2810000
arr_move_0525,acct_0165,parent_0033,contract_0136,2025-06-15,reactivation,generated_history,300000,3200000,3500000
arr_move_0526,acct_0166,parent_0034,contract_0137,2025-06-15,new,generated_history,310000,3300000,3610000
arr_move_0527,acct_0167,parent_0035,contract_0138,2025-06-15,expansion,generated_history,320000,3400000,3720000
arr_move_0528,acct_0168,parent_0036,contract_0139,2025-06-15,contraction,generated_history,-330000,3500000,3170000
arr_move_0529,acct_0169,parent_0037,contract_0140,2025-06-15,reactivation,generated_history,340000,3600000,3940000
arr_move_0530,acct_0170,parent_0038,contract_0141,2025-06-15,new,generated_history,350000,3700000,4050000
arr_move_0531,acct_0171,parent_0039,contract_0142,2025-06-15,expansion,generated_history,360000,3800000,4160000
arr_move_0532,acct_0172,parent_0040,contract_0143,2025-06-15,contraction,generated_history,-370000,2000000,1630000
arr_move_0533,acct_0173,parent_0041,contract_0144,2025-06-15,reactivation,generated_history,250000,2100000,2350000
arr_move_0534,acct_0174,parent_0042,contract_0145,2025-06-15,new,generated_history,260000,2200000,2460000
arr_move_0535,acct_0175,parent_0043,contract_0146,2025-06-15,expansion,generated_history,270000,2300000,2570000
arr_move_0536,acct_0176,parent_0044,contract_0147,2025-06-15,contraction,generated_history,-280000,2400000,2120000
arr_move_0537,acct_0177,parent_0045,contract_0148,2025-06-15,reactivation,generated_history,290000,2500000,2790000
arr_move_0538,acct_0178,parent_0046,contract_0149,2025-06-15,new,generated_history,300000,2600000,2900000
arr_move_0539,acct_0179,parent_0047,contract_0150,2025-06-15,expansion,generated_history,310000,2700000,3010000
arr_move_0540,acct_0180,parent_0048,contract_0151,2025-06-15,contraction,generated_history,-320000,2800000,2480000
arr_move_0541,acct_0181,parent_0049,contract_0152,2025-06-15,reactivation,generated_history,330000,2900000,3230000
arr_move_0542,acct_0182,parent_0050,contract_0153,2025-06-15,new,generated_history,340000,3000000,3340000
arr_move_0543,acct_0183,parent_0051,contract_0154,2025-06-15,expansion,generated_history,350000,3100000,3450000
arr_move_0544,acct_0184,parent_0052,contract_0155,2025-06-15,contraction,generated_history,-360000,3200000,2840000
arr_move_0545,acct_0185,parent_0053,contract_0156,2025-06-15,reactivation,generated_history,370000,3300000,3670000
arr_move_0546,acct_0186,parent_0054,contract_0157,2025-06-15,new,generated_history,250000,3400000,3650000
arr_move_0547,acct_0187,parent_0055,contract_0158,2025-06-15,expansion,generated_history,260000,3500000,3760000
arr_move_0548,acct_0188,parent_0056,contract_0159,2025-06-15,contraction,generated_history,-270000,3600000,3330000
arr_move_0549,acct_0189,parent_0057,contract_0160,2025-06-15,reactivation,generated_history,280000,3700000,3980000
arr_move_0550,acct_0090,parent_0090,contract_0161,2025-06-15,new,generated_history,290000,3800000,4090000
arr_move_0551,acct_0091,parent_0091,contract_0162,2025-06-15,expansion,generated_history,300000,2000000,2300000
arr_move_0552,acct_0092,parent_0092,contract_0163,2025-06-15,contraction,generated_history,-310000,2100000,1790000
arr_move_0553,acct_0093,parent_0093,contract_0164,2025-06-15,reactivation,generated_history,320000,2200000,2520000
arr_move_0554,acct_0094,parent_0094,contract_0165,2025-06-15,new,generated_history,330000,2300000,2630000
arr_move_0555,acct_0095,parent_0095,contract_0166,2025-06-15,expansion,generated_history,340000,2400000,2740000
arr_move_0556,acct_0096,parent_0096,contract_0167,2025-06-15,contraction,generated_history,-350000,2500000,2150000
arr_move_0557,acct_0097,parent_0097,contract_0168,2025-06-15,reactivation,generated_history,360000,2600000,2960000
arr_move_0558,acct_0098,parent_0098,contract_0169,2025-06-15,new,generated_history,370000,2700000,3070000
arr_move_0559,acct_0099,parent_0099,contract_0170,2025-06-15,expansion,generated_history,250000,2800000,3050000
arr_move_0560,acct_0100,parent_0100,contract_0171,2025-06-15,contraction,generated_history,-260000,2900000,2640000
arr_move_0561,acct_0101,parent_0101,contract_0172,2025-06-15,reactivation,generated_history,270000,3000000,3270000
arr_move_0562,acct_0102,parent_0102,contract_0173,2025-06-15,new,generated_history,280000,3100000,3380000
arr_move_0563,acct_0103,parent_0103,contract_0174,2025-06-15,expansion,generated_history,290000,3200000,3490000
arr_move_0564,acct_0104,parent_0104,contract_0175,2025-06-15,contraction,generated_history,-300000,3300000,3000000
arr_move_0565,acct_0105,parent_0105,contract_0176,2025-06-15,reactivation,generated_history,310000,3400000,3710000
arr_move_0566,acct_0106,parent_0106,contract_0177,2025-06-15,new,generated_history,320000,3500000,3820000
arr_move_0567,acct_0107,parent_0107,contract_0178,2025-06-15,expansion,generated_history,330000,3600000,3930000
arr_move_0568,acct_0108,parent_0108,contract_0179,2025-06-15,contraction,generated_history,-340000,3700000,3360000
arr_move_0569,acct_0109,parent_0109,contract_0180,2025-06-15,reactivation,generated_history,350000,3800000,4150000
arr_move_0570,acct_0110,parent_0110,contract_0181,2025-06-15,new,generated_history,360000,2000000,2360000
arr_move_0571,acct_0111,parent_0111,contract_0182,2025-06-15,expansion,generated_history,370000,2100000,2470000
arr_move_0572,acct_0112,parent_0112,contract_0183,2025-06-15,contraction,generated_history,-250000,2200000,1950000
arr_move_0573,acct_0113,parent_0113,contract_0184,2025-06-15,reactivation,generated_history,260000,2300000,2560000
arr_move_0574,acct_0114,parent_0114,contract_0185,2025-06-15,new,generated_history,270000,2400000,2670000
arr_move_0575,acct_0115,parent_0115,contract_0186,2025-06-15,expansion,generated_history,280000,2500000,2780000
arr_move_0576,acct_0116,parent_0116,contract_0187,2025-06-15,contraction,generated_history,-290000,2600000,2310000
arr_move_0577,acct_0117,parent_0117,contract_0188,2025-06-15,reactivation,generated_history,300000,2700000,3000000
arr_move_0578,acct_0118,parent_0118,contract_0189,2025-06-15,new,generated_history,310000,2800000,3110000
arr_move_0579,acct_0119,parent_0119,contract_0190,2025-06-15,expansion,generated_history,320000,2900000,3220000
arr_move_0580,acct_0120,parent_0120,contract_0191,2025-06-15,contraction,generated_history,-330000,3000000,2670000
arr_move_0581,acct_0121,parent_0121,contract_0192,2025-06-15,reactivation,generated_history,340000,3100000,3440000
arr_move_0582,acct_0122,parent_0122,contract_0193,2025-06-15,new,generated_history,350000,3200000,3550000
arr_move_0583,acct_0123,parent_0123,contract_0194,2025-06-15,expansion,generated_history,360000,3300000,3660000
arr_move_0584,acct_0124,parent_0124,contract_0195,2025-06-15,contraction,generated_history,-370000,3400000,3030000
arr_move_0585,acct_0125,parent_0125,contract_0196,2025-06-15,reactivation,generated_history,250000,3500000,3750000
arr_move_0586,acct_0126,parent_0126,contract_0197,2025-06-15,new,generated_history,260000,3600000,3860000
arr_move_0587,acct_0127,parent_0127,contract_0198,2025-06-15,expansion,generated_history,270000,3700000,3970000
arr_move_0588,acct_0128,parent_0128,contract_0199,2025-06-15,contraction,generated_history,-280000,3800000,3520000
arr_move_0589,acct_0129,parent_0129,contract_0200,2025-06-15,reactivation,generated_history,290000,2000000,2290000
arr_move_0590,acct_0130,parent_0130,contract_0201,2025-06-15,new,generated_history,300000,2100000,2400000
arr_move_0591,acct_0131,parent_0131,contract_0202,2025-06-15,expansion,generated_history,310000,2200000,2510000
arr_move_0592,acct_0132,parent_0132,contract_0203,2025-06-15,contraction,generated_history,-320000,2300000,1980000
arr_move_0593,acct_0133,parent_0001,contract_0204,2025-06-15,reactivation,generated_history,330000,2400000,2730000
arr_move_0594,acct_0134,parent_0002,contract_0205,2025-06-15,new,generated_history,340000,2500000,2840000
arr_move_0595,acct_0135,parent_0003,contract_0206,2025-06-15,expansion,generated_history,350000,2600000,2950000
arr_move_0596,acct_0136,parent_0004,contract_0207,2025-06-15,contraction,generated_history,-360000,2700000,2340000
arr_move_0597,acct_0137,parent_0005,contract_0208,2025-06-15,reactivation,generated_history,370000,2800000,3170000
arr_move_0598,acct_0138,parent_0006,contract_0209,2025-06-15,new,generated_history,250000,2900000,3150000
arr_move_0599,acct_0139,parent_0007,contract_0210,2025-06-15,expansion,generated_history,260000,3000000,3260000
arr_move_0600,acct_0140,parent_0008,contract_0211,2025-06-15,contraction,generated_history,-270000,3100000,2830000
arr_move_0601,acct_0141,parent_0009,contract_0212,2025-06-15,reactivation,generated_history,280000,3200000,3480000
arr_move_0602,acct_0142,parent_0010,contract_0213,2025-06-15,new,generated_history,290000,3300000,3590000
arr_move_0603,acct_0143,parent_0011,contract_0214,2025-06-15,expansion,generated_history,300000,3400000,3700000
arr_move_0604,acct_0144,parent_0012,contract_0215,2025-06-15,contraction,generated_history,-310000,3500000,3190000
arr_move_0605,acct_0145,parent_0013,contract_0216,2025-06-15,reactivation,generated_history,320000,3600000,3920000
arr_move_0606,acct_0146,parent_0014,contract_0217,2025-06-15,new,generated_history,330000,3700000,4030000
arr_move_0607,acct_0147,parent_0015,contract_0218,2025-06-15,expansion,generated_history,340000,3800000,4140000
arr_move_0608,acct_0148,parent_0016,contract_0219,2025-06-15,contraction,generated_history,-350000,2000000,1650000
arr_move_0609,acct_0149,parent_0017,contract_0220,2025-06-15,reactivation,generated_history,360000,2100000,2460000
arr_move_0610,acct_0150,parent_0018,contract_0221,2025-06-15,new,generated_history,370000,2200000,2570000
arr_move_0611,acct_0151,parent_0019,contract_0222,2025-06-15,expansion,generated_history,250000,2300000,2550000
arr_move_0612,acct_0152,parent_0020,contract_0223,2025-06-15,contraction,generated_history,-260000,2400000,2140000
arr_move_0613,acct_0153,parent_0021,contract_0224,2025-06-15,reactivation,generated_history,270000,2500000,2770000
arr_move_0614,acct_0154,parent_0022,contract_0225,2025-06-15,new,generated_history,280000,2600000,2880000
arr_move_0615,acct_0155,parent_0023,contract_0226,2025-06-15,expansion,generated_history,290000,2700000,2990000
arr_move_0616,acct_0156,parent_0024,contract_0227,2025-06-15,contraction,generated_history,-300000,2800000,2500000
arr_move_0617,acct_0157,parent_0025,contract_0228,2025-06-15,reactivation,generated_history,310000,2900000,3210000
arr_move_0618,acct_0158,parent_0026,contract_0229,2025-06-15,new,generated_history,320000,3000000,3320000
arr_move_0619,acct_0159,parent_0027,contract_0230,2025-06-15,expansion,generated_history,330000,3100000,3430000
arr_move_0620,acct_0160,parent_0028,contract_0231,2025-06-15,contraction,generated_history,-340000,3200000,2860000
arr_move_0621,acct_0161,parent_0029,contract_0232,2025-06-15,reactivation,generated_history,350000,3300000,3650000
arr_move_0622,acct_0162,parent_0030,contract_0233,2025-06-15,new,generated_history,360000,3400000,3760000
arr_move_0623,acct_0163,parent_0031,contract_0234,2025-06-15,expansion,generated_history,370000,3500000,3870000
arr_move_0624,acct_0164,parent_0032,contract_0235,2025-06-15,contraction,generated_history,-250000,3600000,3350000
arr_move_0625,acct_0165,parent_0033,contract_0236,2025-06-15,reactivation,generated_history,260000,3700000,3960000
arr_move_0626,acct_0166,parent_0034,contract_0237,2025-06-15,new,generated_history,270000,3800000,4070000
arr_move_0627,acct_0167,parent_0035,contract_0238,2025-06-15,expansion,generated_history,280000,2000000,2280000
arr_move_0628,acct_0168,parent_0036,contract_0239,2025-06-15,contraction,generated_history,-290000,2100000,1810000
arr_move_0629,acct_0169,parent_0037,contract_0240,2025-06-15,reactivation,generated_history,300000,2200000,2500000
arr_move_0630,acct_0170,parent_0038,contract_0241,2025-06-15,new,generated_history,310000,2300000,2610000
arr_move_0631,acct_0171,parent_0039,contract_0242,2025-06-15,expansion,generated_history,320000,2400000,2720000
arr_move_0632,acct_0172,parent_0040,contract_0243,2025-06-15,contraction,generated_history,-330000,2500000,2170000
arr_move_0633,acct_0173,parent_0041,contract_0244,2025-06-15,reactivation,generated_history,340000,2600000,2940000
arr_move_0634,acct_0174,parent_0042,contract_0245,2025-06-15,new,generated_history,350000,2700000,3050000
arr_move_0635,acct_0175,parent_0043,contract_0246,2025-06-15,expansion,generated_history,360000,2800000,3160000
arr_move_0636,acct_0176,parent_0044,contract_0247,2025-06-15,contraction,generated_history,-370000,2900000,2530000
arr_move_0637,acct_0177,parent_0045,contract_0248,2025-06-15,reactivation,generated_history,250000,3000000,3250000
arr_move_0638,acct_0178,parent_0046,contract_0249,2025-06-15,new,generated_history,260000,3100000,3360000
arr_move_0639,acct_0179,parent_0047,contract_0250,2025-06-15,expansion,generated_history,270000,3200000,3470000
arr_move_0640,acct_0180,parent_0048,contract_0251,2025-06-15,contraction,generated_history,-280000,3300000,3020000
arr_move_0641,acct_0181,parent_0049,contract_0252,2025-06-15,reactivation,generated_history,290000,3400000,3690000
arr_move_0642,acct_0182,parent_0050,contract_0253,2025-06-15,new,generated_history,300000,3500000,3800000
arr_move_0643,acct_0183,parent_0051,contract_0254,2025-06-15,expansion,generated_history,310000,3600000,3910000
arr_move_0644,acct_0184,parent_0052,contract_0255,2025-06-15,contraction,generated_history,-320000,3700000,3380000
arr_move_0645,acct_0185,parent_0053,contract_0256,2025-06-15,reactivation,generated_history,330000,3800000,4130000
arr_move_0646,acct_0186,parent_0054,contract_0257,2025-06-15,new,generated_history,340000,2000000,2340000
arr_move_0647,acct_0187,parent_0055,contract_0258,2025-06-15,expansion,generated_history,350000,2100000,2450000
arr_move_0648,acct_0188,parent_0056,contract_0259,2025-06-15,contraction,generated_history,-360000,2200000,1840000
arr_move_0649,acct_0189,parent_0057,contract_0260,2025-06-15,reactivation,generated_history,370000,2300000,2670000
arr_move_0650,acct_0090,parent_0090,contract_0261,2025-06-15,new,generated_history,250000,2400000,2650000
arr_move_0651,acct_0091,parent_0091,contract_0262,2025-06-15,expansion,generated_history,260000,2500000,2760000
arr_move_0652,acct_0092,parent_0092,contract_0263,2025-06-15,contraction,generated_history,-270000,2600000,2330000
arr_move_0653,acct_0093,parent_0093,contract_0264,2025-06-15,reactivation,generated_history,280000,2700000,2980000
arr_move_0654,acct_0094,parent_0094,contract_0265,2025-06-15,new,generated_history,290000,2800000,3090000
arr_move_0655,acct_0095,parent_0095,contract_0266,2025-06-15,expansion,generated_history,300000,2900000,3200000
arr_move_0656,acct_0096,parent_0096,contract_0267,2025-06-15,contraction,generated_history,-310000,3000000,2690000
arr_move_0657,acct_0097,parent_0097,contract_0268,2025-06-15,reactivation,generated_history,320000,3100000,3420000
arr_move_0658,acct_0098,parent_0098,contract_0269,2025-06-15,new,generated_history,330000,3200000,3530000
arr_move_0659,acct_0099,parent_0099,contract_0270,2025-06-15,expansion,generated_history,340000,3300000,3640000
arr_move_0660,acct_0100,parent_0100,contract_0271,2025-06-15,contraction,generated_history,-350000,3400000,3050000
arr_move_0661,acct_0101,parent_0101,contract_0272,2025-06-15,reactivation,generated_history,360000,3500000,3860000
arr_move_0662,acct_0102,parent_0102,contract_0273,2025-06-15,new,generated_history,370000,3600000,3970000
arr_move_0663,acct_0103,parent_0103,contract_0274,2025-06-15,expansion,generated_history,250000,3700000,3950000
arr_move_0664,acct_0104,parent_0104,contract_0275,2025-06-15,contraction,generated_history,-260000,3800000,3540000
arr_move_0665,acct_0105,parent_0105,contract_0276,2025-06-15,reactivation,generated_history,270000,2000000,2270000
arr_move_0666,acct_0106,parent_0106,contract_0277,2025-06-15,new,generated_history,280000,2100000,2380000
arr_move_0667,acct_0107,parent_0107,contract_0278,2025-06-15,expansion,generated_history,290000,2200000,2490000
arr_move_0668,acct_0108,parent_0108,contract_0279,2025-06-15,contraction,generated_history,-300000,2300000,2000000
arr_move_0669,acct_0109,parent_0109,contract_0280,2025-06-15,reactivation,generated_history,310000,2400000,2710000
arr_move_0670,acct_0110,parent_0110,contract_0281,2025-06-15,new,generated_history,320000,2500000,2820000
arr_move_0671,acct_0111,parent_0111,contract_0282,2025-06-15,expansion,generated_history,330000,2600000,2930000
arr_move_0672,acct_0112,parent_0112,contract_0283,2025-06-15,contraction,generated_history,-340000,2700000,2360000
arr_move_0673,acct_0113,parent_0113,contract_0284,2025-06-15,reactivation,generated_history,350000,2800000,3150000
arr_move_0674,acct_0114,parent_0114,contract_0285,2025-06-15,new,generated_history,360000,2900000,3260000
arr_move_0675,acct_0115,parent_0115,contract_0286,2025-06-15,expansion,generated_history,370000,3000000,3370000
arr_move_0676,acct_0116,parent_0116,contract_0287,2025-06-15,contraction,generated_history,-250000,3100000,2850000
arr_move_0677,acct_0117,parent_0117,contract_0288,2025-06-15,reactivation,generated_history,260000,3200000,3460000
arr_move_0678,acct_0118,parent_0118,contract_0289,2025-06-15,new,generated_history,270000,3300000,3570000
arr_move_0679,acct_0119,parent_0119,contract_0290,2025-06-15,expansion,generated_history,280000,3400000,3680000
arr_move_0680,acct_0120,parent_0120,contract_0291,2025-06-15,contraction,generated_history,-290000,3500000,3210000
arr_move_0681,acct_0121,parent_0121,contract_0292,2025-06-15,reactivation,generated_history,300000,3600000,3900000
arr_move_0682,acct_0122,parent_0122,contract_0293,2025-06-15,new,generated_history,310000,3700000,4010000
arr_move_0683,acct_0123,parent_0123,contract_0294,2025-06-15,expansion,generated_history,320000,3800000,4120000
arr_move_0684,acct_0124,parent_0124,contract_0295,2025-06-15,contraction,generated_history,-330000,2000000,1670000
arr_move_0685,acct_0125,parent_0125,contract_0296,2025-06-15,reactivation,generated_history,340000,2100000,2440000
arr_move_0686,acct_0126,parent_0126,contract_0297,2025-06-15,new,generated_history,350000,2200000,2550000
arr_move_0687,acct_0127,parent_0127,contract_0298,2025-06-15,expansion,generated_history,360000,2300000,2660000
arr_move_0688,acct_0128,parent_0128,contract_0299,2025-06-15,contraction,generated_history,-370000,2400000,2030000
arr_move_0689,acct_0129,parent_0129,contract_0300,2025-06-15,reactivation,generated_history,250000,2500000,2750000
arr_move_0690,acct_0130,parent_0130,contract_0301,2025-06-15,new,generated_history,260000,2600000,2860000
arr_move_0691,acct_0131,parent_0131,contract_0302,2025-06-15,expansion,generated_history,270000,2700000,2970000
arr_move_0692,acct_0132,parent_0132,contract_0303,2025-06-15,contraction,generated_history,-280000,2800000,2520000
arr_move_0693,acct_0133,parent_0001,contract_0304,2025-06-15,reactivation,generated_history,290000,2900000,3190000
arr_move_0694,acct_0134,parent_0002,contract_0305,2025-06-15,new,generated_history,300000,3000000,3300000
arr_move_0695,acct_0135,parent_0003,contract_0306,2025-06-15,expansion,generated_history,310000,3100000,3410000
arr_move_0696,acct_0136,parent_0004,contract_0307,2025-06-15,contraction,generated_history,-320000,3200000,2880000
arr_move_0697,acct_0137,parent_0005,contract_0308,2025-06-15,reactivation,generated_history,330000,3300000,3630000
arr_move_0698,acct_0138,parent_0006,contract_0309,2025-06-15,new,generated_history,340000,3400000,3740000
arr_move_0699,acct_0139,parent_0007,contract_0310,2025-06-15,expansion,generated_history,350000,3500000,3850000
arr_move_0700,acct_0140,parent_0008,contract_0311,2025-06-15,contraction,generated_history,-360000,3600000,3240000
arr_move_0701,acct_0141,parent_0009,contract_0312,2025-06-15,reactivation,generated_history,370000,3700000,4070000
arr_move_0702,acct_0142,parent_0010,contract_0313,2025-06-15,new,generated_history,250000,3800000,4050000
arr_move_0703,acct_0143,parent_0011,contract_0314,2025-06-15,expansion,generated_history,260000,2000000,2260000
arr_move_0704,acct_0144,parent_0012,contract_0315,2025-06-15,contraction,generated_history,-270000,2100000,1830000
arr_move_0705,acct_0145,parent_0013,contract_0316,2025-06-15,reactivation,generated_history,280000,2200000,2480000
arr_move_0706,acct_0146,parent_0014,contract_0317,2025-06-15,new,generated_history,290000,2300000,2590000
arr_move_0707,acct_0147,parent_0015,contract_0318,2025-06-15,expansion,generated_history,300000,2400000,2700000
arr_move_0708,acct_0148,parent_0016,contract_0319,2025-06-15,contraction,generated_history,-310000,2500000,2190000
arr_move_0709,acct_0149,parent_0017,contract_0320,2025-06-15,reactivation,generated_history,320000,2600000,2920000
arr_move_0710,acct_0150,parent_0018,contract_0101,2025-06-15,new,generated_history,330000,2700000,3030000
arr_move_0711,acct_0151,parent_0019,contract_0102,2025-06-15,expansion,generated_history,340000,2800000,3140000
arr_move_0712,acct_0152,parent_0020,contract_0103,2025-06-15,contraction,generated_history,-350000,2900000,2550000
arr_move_0713,acct_0153,parent_0021,contract_0104,2025-06-15,reactivation,generated_history,360000,3000000,3360000
arr_move_0714,acct_0154,parent_0022,contract_0105,2025-06-15,new,generated_history,370000,3100000,3470000
arr_move_0715,acct_0155,parent_0023,contract_0106,2025-06-15,expansion,generated_history,250000,3200000,3450000
arr_move_0716,acct_0156,parent_0024,contract_0107,2025-06-15,contraction,generated_history,-260000,3300000,3040000
arr_move_0717,acct_0157,parent_0025,contract_0108,2025-06-15,reactivation,generated_history,270000,3400000,3670000
arr_move_0718,acct_0158,parent_0026,contract_0109,2025-06-15,new,generated_history,280000,3500000,3780000
arr_move_0719,acct_0159,parent_0027,contract_0110,2025-06-15,expansion,generated_history,290000,3600000,3890000
arr_move_0720,acct_0160,parent_0028,contract_0111,2025-06-15,contraction,generated_history,-300000,3700000,3400000
