support_ticket_id,account_id,requester_user_id,severity,category,status,created_at,resolved_at,owner_user_id
ticket_0001,acct_0001,user_000287,critical,approval_routing,open,2026-03-10T17:00:00Z,2099-12-31T00:00:00Z,user_000901
ticket_0002,acct_0002,user_000288,high,approval_routing,open,2026-03-11T17:00:00Z,2099-12-31T00:00:00Z,user_000902
ticket_0003,acct_0003,user_000289,critical,approval_routing,open,2026-03-12T17:00:00Z,2099-12-31T00:00:00Z,user_000903
ticket_0004,acct_0004,user_000290,high,approval_routing,open,2026-03-13T17:00:00Z,2099-12-31T00:00:00Z,user_000904
ticket_0005,acct_0005,user_000291,critical,approval_routing,open,2026-03-14T17:00:00Z,2099-12-31T00:00:00Z,user_000905
ticket_0006,acct_0006,user_000292,high,approval_routing,open,2026-03-15T17:00:00Z,2099-12-31T00:00:00Z,user_000906
ticket_0007,acct_0007,user_000293,critical,approval_routing,open,2026-03-16T17:00:00Z,2099-12-31T00:00:00Z,user_000907
ticket_0008,acct_0008,user_000294,high,approval_routing,open,2026-03-17T17:00:00Z,2099-12-31T00:00:00Z,user_000908
ticket_0009,acct_0009,user_000295,critical,approval_routing,open,2026-03-18T17:00:00Z,2099-12-31T00:00:00Z,user_000909
ticket_0010,acct_0010,user_000010,medium,supplier_onboarding,pending,2026-02-10T17:00:00Z,2026-02-28T17:00:00Z,user_000909
ticket_0011,acct_0011,user_000011,high,billing,solved,2026-02-11T17:00:00Z,2026-02-28T17:00:00Z,user_000910
ticket_0012,acct_0012,user_000012,critical,permissions,closed,2026-02-12T17:00:00Z,2026-02-28T17:00:00Z,user_000911
ticket_0013,acct_0013,user_000013,low,approval_routing,open,2026-02-13T17:00:00Z,2026-02-28T17:00:00Z,user_000912
ticket_0014,acct_0014,user_000014,medium,supplier_onboarding,pending,2026-02-14T17:00:00Z,2026-02-28T17:00:00Z,user_000913
ticket_0015,acct_0015,user_000015,high,billing,solved,2026-02-15T17:00:00Z,2026-02-28T17:00:00Z,user_000914
ticket_0016,acct_0016,user_000016,critical,permissions,closed,2026-02-16T17:00:00Z,2026-02-28T17:00:00Z,user_000915
ticket_0017,acct_0017,user_000017,low,approval_routing,open,2026-02-17T17:00:00Z,2026-02-28T17:00:00Z,user_000916
ticket_0018,acct_0018,user_000018,medium,supplier_onboarding,pending,2026-02-18T17:00:00Z,2026-02-28T17:00:00Z,user_000917
ticket_0019,acct_0019,user_000019,high,billing,solved,2026-02-19T17:00:00Z,2026-02-28T17:00:00Z,user_000918
ticket_0020,acct_0020,user_000020,critical,permissions,closed,2026-02-20T17:00:00Z,2026-02-28T17:00:00Z,user_000919
ticket_0021,acct_0021,user_000021,low,approval_routing,open,2026-02-21T17:00:00Z,2026-02-28T17:00:00Z,user_000920
ticket_0022,acct_0022,user_000022,medium,supplier_onboarding,pending,2026-02-22T17:00:00Z,2026-02-28T17:00:00Z,user_000921
ticket_0023,acct_0023,user_000023,high,billing,solved,2026-02-23T17:00:00Z,2026-02-28T17:00:00Z,user_000922
ticket_0024,acct_0024,user_000024,critical,permissions,closed,2026-02-24T17:00:00Z,2026-02-28T17:00:00Z,user_000923
ticket_0025,acct_0025,user_000025,low,approval_routing,open,2026-02-25T17:00:00Z,2026-02-28T17:00:00Z,user_000924
ticket_0026,acct_0026,user_000026,medium,supplier_onboarding,pending,2026-02-26T17:00:00Z,2026-02-28T17:00:00Z,user_000925
ticket_0027,acct_0027,user_000027,high,billing,solved,2026-02-27T17:00:00Z,2026-02-28T17:00:00Z,user_000926
ticket_0028,acct_0028,user_000028,critical,permissions,closed,2026-02-28T17:00:00Z,2026-02-28T17:00:00Z,user_000927
ticket_0029,acct_0029,user_000029,low,approval_routing,open,2026-02-01T17:00:00Z,2026-02-28T17:00:00Z,user_000928
ticket_0030,acct_0030,user_000030,medium,supplier_onboarding,pending,2026-02-02T17:00:00Z,2026-02-28T17:00:00Z,user_000929
ticket_0031,acct_0031,user_000031,high,billing,solved,2026-02-03T17:00:00Z,2026-02-28T17:00:00Z,user_000930
ticket_0032,acct_0032,user_000032,critical,permissions,closed,2026-02-04T17:00:00Z,2026-02-28T17:00:00Z,user_000931
ticket_0033,acct_0033,user_000033,low,approval_routing,open,2026-02-05T17:00:00Z,2026-02-28T17:00:00Z,user_000932
ticket_0034,acct_0034,user_000034,medium,supplier_onboarding,pending,2026-02-06T17:00:00Z,2026-02-28T17:00:00Z,user_000933
ticket_0035,acct_0035,user_000035,high,billing,solved,2026-02-07T17:00:00Z,2026-02-28T17:00:00Z,user_000934
ticket_0036,acct_0036,user_000036,critical,permissions,closed,2026-02-08T17:00:00Z,2026-02-28T17:00:00Z,user_000935
ticket_0037,acct_0037,user_000037,low,approval_routing,open,2026-02-09T17:00:00Z,2026-02-28T17:00:00Z,user_000936
ticket_0038,acct_0038,user_000038,medium,supplier_onboarding,pending,2026-02-10T17:00:00Z,2026-02-28T17:00:00Z,user_000937
ticket_0039,acct_0039,user_000039,high,billing,solved,2026-02-11T17:00:00Z,2026-02-28T17:00:00Z,user_000938
ticket_0040,acct_0040,user_000040,critical,permissions,closed,2026-02-12T17:00:00Z,2026-02-28T17:00:00Z,user_000939
ticket_0041,acct_0041,user_000041,low,approval_routing,open,2026-02-13T17:00:00Z,2026-02-28T17:00:00Z,user_000940
ticket_0042,acct_0042,user_000042,medium,supplier_onboarding,pending,2026-02-14T17:00:00Z,2026-02-28T17:00:00Z,user_000941
ticket_0043,acct_0043,user_000043,high,billing,solved,2026-02-15T17:00:00Z,2026-02-28T17:00:00Z,user_000942
ticket_0044,acct_0044,user_000044,critical,permissions,closed,2026-02-16T17:00:00Z,2026-02-28T17:00:00Z,user_000943
ticket_0045,acct_0045,user_000045,low,approval_routing,open,2026-02-17T17:00:00Z,2026-02-28T17:00:00Z,user_000944
ticket_0046,acct_0046,user_000046,medium,supplier_onboarding,pending,2026-02-18T17:00:00Z,2026-02-28T17:00:00Z,user_000945
ticket_0047,acct_0047,user_000047,high,billing,solved,2026-02-19T17:00:00Z,2026-02-28T17:00:00Z,user_000946
ticket_0048,acct_0048,user_000048,critical,permissions,closed,2026-02-20T17:00:00Z,2026-02-28T17:00:00Z,user_000947
ticket_0049,acct_0049,user_000049,low,approval_routing,open,2026-02-21T17:00:00Z,2026-02-28T17:00:00Z,user_000948
ticket_0050,acct_0050,user_000050,medium,supplier_onboarding,pending,2026-02-22T17:00:00Z,2026-02-28T17:00:00Z,user_000949
ticket_0051,acct_0051,user_000051,high,billing,solved,2026-02-23T17:00:00Z,2026-02-28T17:00:00Z,user_000950
ticket_0052,acct_0052,user_000052,critical,permissions,closed,2026-02-24T17:00:00Z,2026-02-28T17:00:00Z,user_000951
ticket_0053,acct_0053,user_000053,low,approval_routing,open,2026-02-25T17:00:00Z,2026-02-28T17:00:00Z,user_000952
ticket_0054,acct_0054,user_000054,medium,supplier_onboarding,pending,2026-02-26T17:00:00Z,2026-02-28T17:00:00Z,user_000953
ticket_0055,acct_0055,user_000055,high,billing,solved,2026-02-27T17:00:00Z,2026-02-28T17:00:00Z,user_000954
ticket_0056,acct_0056,user_000056,critical,permissions,closed,2026-02-28T17:00:00Z,2026-02-28T17:00:00Z,user_000955
ticket_0057,acct_0057,user_000057,low,approval_routing,open,2026-02-01T17:00:00Z,2026-02-28T17:00:00Z,user_000956
ticket_0058,acct_0058,user_000058,medium,supplier_onboarding,pending,2026-02-02T17:00:00Z,2026-02-28T17:00:00Z,user_000957
ticket_0059,acct_0059,user_000059,high,billing,solved,2026-02-03T17:00:00Z,2026-02-28T17:00:00Z,user_000958
ticket_0060,acct_0060,user_000060,critical,permissions,closed,2026-02-04T17:00:00Z,2026-02-28T17:00:00Z,user_000959
ticket_0061,acct_0061,user_000061,low,approval_routing,open,2026-02-05T17:00:00Z,2026-02-28T17:00:00Z,user_000960
ticket_0062,acct_0062,user_000062,medium,supplier_onboarding,pending,2026-02-06T17:00:00Z,2026-02-28T17:00:00Z,user_000961
ticket_0063,acct_0063,user_000063,high,billing,solved,2026-02-07T17:00:00Z,2026-02-28T17:00:00Z,user_000962
ticket_0064,acct_0064,user_000064,critical,permissions,closed,2026-02-08T17:00:00Z,2026-02-28T17:00:00Z,user_000963
ticket_0065,acct_0065,user_000065,low,approval_routing,open,2026-02-09T17:00:00Z,2026-02-28T17:00:00Z,user_000964
ticket_0066,acct_0066,user_000066,medium,supplier_onboarding,pending,2026-02-10T17:00:00Z,2026-02-28T17:00:00Z,user_000965
ticket_0067,acct_0067,user_000067,high,billing,solved,2026-02-11T17:00:00Z,2026-02-28T17:00:00Z,user_000966
ticket_0068,acct_0068,user_000068,critical,permissions,closed,2026-02-12T17:00:00Z,2026-02-28T17:00:00Z,user_000967
ticket_0069,acct_0069,user_000069,low,approval_routing,open,2026-02-13T17:00:00Z,2026-02-28T17:00:00Z,user_000968
ticket_0070,acct_0070,user_000070,medium,supplier_onboarding,pending,2026-02-14T17:00:00Z,2026-02-28T17:00:00Z,user_000969
ticket_0071,acct_0071,user_000071,high,billing,solved,2026-02-15T17:00:00Z,2026-02-28T17:00:00Z,user_000970
ticket_0072,acct_0072,user_000072,critical,permissions,closed,2026-02-16T17:00:00Z,2026-02-28T17:00:00Z,user_000971
ticket_0073,acct_0073,user_000073,low,approval_routing,open,2026-02-17T17:00:00Z,2026-02-28T17:00:00Z,user_000972
ticket_0074,acct_0074,user_000074,medium,supplier_onboarding,pending,2026-02-18T17:00:00Z,2026-02-28T17:00:00Z,user_000973
ticket_0075,acct_0075,user_000075,high,billing,solved,2026-02-19T17:00:00Z,2026-02-28T17:00:00Z,user_000974
ticket_0076,acct_0076,user_000076,critical,permissions,closed,2026-02-20T17:00:00Z,2026-02-28T17:00:00Z,user_000975
ticket_0077,acct_0077,user_000077,low,approval_routing,open,2026-02-21T17:00:00Z,2026-02-28T17:00:00Z,user_000976
ticket_0078,acct_0078,user_000078,medium,supplier_onboarding,pending,2026-02-22T17:00:00Z,2026-02-28T17:00:00Z,user_000977
ticket_0079,acct_0079,user_000079,high,billing,solved,2026-02-23T17:00:00Z,2026-02-28T17:00:00Z,user_000978
ticket_0080,acct_0080,user_000080,critical,permissions,closed,2026-02-24T17:00:00Z,2026-02-28T17:00:00Z,user_000979
ticket_0081,acct_0081,user_000081,low,approval_routing,open,2026-02-25T17:00:00Z,2026-02-28T17:00:00Z,user_000980
ticket_0082,acct_0082,user_000082,medium,supplier_onboarding,pending,2026-02-26T17:00:00Z,2026-02-28T17:00:00Z,user_000981
ticket_0083,acct_0083,user_000083,high,billing,solved,2026-02-27T17:00:00Z,2026-02-28T17:00:00Z,user_000982
ticket_0084,acct_0084,user_000084,critical,permissions,closed,2026-02-28T17:00:00Z,2026-02-28T17:00:00Z,user_000983
ticket_0085,acct_0085,user_000085,low,approval_routing,open,2026-02-01T17:00:00Z,2026-02-28T17:00:00Z,user_000984
ticket_0086,acct_0086,user_000086,medium,supplier_onboarding,pending,2026-02-02T17:00:00Z,2026-02-28T17:00:00Z,user_000985
ticket_0087,acct_0087,user_000087,high,billing,solved,2026-02-03T17:00:00Z,2026-02-28T17:00:00Z,user_000986
ticket_0088,acct_0088,user_000088,critical,permissions,closed,2026-02-04T17:00:00Z,2026-02-28T17:00:00Z,user_000987
ticket_0089,acct_0089,user_000089,low,approval_routing,open,2026-02-05T17:00:00Z,2026-02-28T17:00:00Z,user_000988
ticket_0090,acct_0090,user_000090,medium,supplier_onboarding,pending,2026-02-06T17:00:00Z,2026-02-28T17:00:00Z,user_000989
ticket_0091,acct_0091,user_000091,high,billing,solved,2026-02-07T17:00:00Z,2026-02-28T17:00:00Z,user_000990
ticket_0092,acct_0092,user_000092,critical,permissions,closed,2026-02-08T17:00:00Z,2026-02-28T17:00:00Z,user_000991
ticket_0093,acct_0093,user_000093,low,approval_routing,open,2026-02-09T17:00:00Z,2026-02-28T17:00:00Z,user_000992
ticket_0094,acct_0094,user_000094,medium,supplier_onboarding,pending,2026-02-10T17:00:00Z,2026-02-28T17:00:00Z,user_000993
ticket_0095,acct_0095,user_000095,high,billing,solved,2026-02-11T17:00:00Z,2026-02-28T17:00:00Z,user_000994
ticket_0096,acct_0096,user_000096,critical,permissions,closed,2026-02-12T17:00:00Z,2026-02-28T17:00:00Z,user_000995
ticket_0097,acct_0097,user_000097,low,approval_routing,open,2026-02-13T17:00:00Z,2026-02-28T17:00:00Z,user_000996
ticket_0098,acct_0098,user_000098,medium,supplier_onboarding,pending,2026-02-14T17:00:00Z,2026-02-28T17:00:00Z,user_000997
ticket_0099,acct_0099,user_000099,high,billing,solved,2026-02-15T17:00:00Z,2026-02-28T17:00:00Z,user_000998
ticket_0100,acct_0100,user_000100,critical,permissions,closed,2026-02-16T17:00:00Z,2026-02-28T17:00:00Z,user_000999
ticket_0101,acct_0101,user_000101,low,approval_routing,open,2026-02-17T17:00:00Z,2026-02-28T17:00:00Z,user_001000
ticket_0102,acct_0102,user_000102,medium,supplier_onboarding,pending,2026-02-18T17:00:00Z,2026-02-28T17:00:00Z,user_001001
ticket_0103,acct_0103,user_000103,high,billing,solved,2026-02-19T17:00:00Z,2026-02-28T17:00:00Z,user_001002
ticket_0104,acct_0104,user_000104,critical,permissions,closed,2026-02-20T17:00:00Z,2026-02-28T17:00:00Z,user_001003
ticket_0105,acct_0105,user_000105,low,approval_routing,open,2026-02-21T17:00:00Z,2026-02-28T17:00:00Z,user_001004
ticket_0106,acct_0106,user_000106,medium,supplier_onboarding,pending,2026-02-22T17:00:00Z,2026-02-28T17:00:00Z,user_001005
ticket_0107,acct_0107,user_000107,high,billing,solved,2026-02-23T17:00:00Z,2026-02-28T17:00:00Z,user_001006
ticket_0108,acct_0108,user_000108,critical,permissions,closed,2026-02-24T17:00:00Z,2026-02-28T17:00:00Z,user_001007
ticket_0109,acct_0109,user_000109,low,approval_routing,open,2026-02-25T17:00:00Z,2026-02-28T17:00:00Z,user_001008
ticket_0110,acct_0110,user_000110,medium,supplier_onboarding,pending,2026-02-26T17:00:00Z,2026-02-28T17:00:00Z,user_001009
ticket_0111,acct_0111,user_000111,high,billing,solved,2026-02-27T17:00:00Z,2026-02-28T17:00:00Z,user_001010
ticket_0112,acct_0112,user_000112,critical,permissions,closed,2026-02-28T17:00:00Z,2026-02-28T17:00:00Z,user_001011
ticket_0113,acct_0113,user_000113,low,approval_routing,open,2026-02-01T17:00:00Z,2026-02-28T17:00:00Z,user_001012
ticket_0114,acct_0114,user_000114,medium,supplier_onboarding,pending,2026-02-02T17:00:00Z,2026-02-28T17:00:00Z,user_001013
ticket_0115,acct_0115,user_000115,high,billing,solved,2026-02-03T17:00:00Z,2026-02-28T17:00:00Z,user_001014
ticket_0116,acct_0116,user_000116,critical,permissions,closed,2026-02-04T17:00:00Z,2026-02-28T17:00:00Z,user_001015
ticket_0117,acct_0117,user_000117,low,approval_routing,open,2026-02-05T17:00:00Z,2026-02-28T17:00:00Z,user_001016
ticket_0118,acct_0118,user_000118,medium,supplier_onboarding,pending,2026-02-06T17:00:00Z,2026-02-28T17:00:00Z,user_001017
ticket_0119,acct_0119,user_000119,high,billing,solved,2026-02-07T17:00:00Z,2026-02-28T17:00:00Z,user_001018
ticket_0120,acct_0120,user_000120,critical,permissions,closed,2026-02-08T17:00:00Z,2026-02-28T17:00:00Z,user_001019
ticket_0121,acct_0121,user_000121,low,approval_routing,open,2026-02-09T17:00:00Z,2026-02-28T17:00:00Z,user_001020
ticket_0122,acct_0122,user_000122,medium,supplier_onboarding,pending,2026-02-10T17:00:00Z,2026-02-28T17:00:00Z,user_001021
ticket_0123,acct_0123,user_000123,high,billing,solved,2026-02-11T17:00:00Z,2026-02-28T17:00:00Z,user_001022
ticket_0124,acct_0124,user_000124,critical,permissions,closed,2026-02-12T17:00:00Z,2026-02-28T17:00:00Z,user_001023
ticket_0125,acct_0125,user_000125,low,approval_routing,open,2026-02-13T17:00:00Z,2026-02-28T17:00:00Z,user_001024
ticket_0126,acct_0126,user_000126,medium,supplier_onboarding,pending,2026-02-14T17:00:00Z,2026-02-28T17:00:00Z,user_001025
ticket_0127,acct_0127,user_000127,high,billing,solved,2026-02-15T17:00:00Z,2026-02-28T17:00:00Z,user_001026
ticket_0128,acct_0128,user_000128,critical,permissions,closed,2026-02-16T17:00:00Z,2026-02-28T17:00:00Z,user_001027
ticket_0129,acct_0129,user_000129,low,approval_routing,open,2026-02-17T17:00:00Z,2026-02-28T17:00:00Z,user_001028
ticket_0130,acct_0130,user_000130,medium,supplier_onboarding,pending,2026-02-18T17:00:00Z,2026-02-28T17:00:00Z,user_001029
ticket_0131,acct_0131,user_000131,high,billing,solved,2026-02-19T17:00:00Z,2026-02-28T17:00:00Z,user_001030
ticket_0132,acct_0132,user_000132,critical,permissions,closed,2026-02-20T17:00:00Z,2026-02-28T17:00:00Z,user_001031
ticket_0133,acct_0133,user_000133,low,approval_routing,open,2026-02-21T17:00:00Z,2026-02-28T17:00:00Z,user_001032
ticket_0134,acct_0134,user_000134,medium,supplier_onboarding,pending,2026-02-22T17:00:00Z,2026-02-28T17:00:00Z,user_001033
ticket_0135,acct_0135,user_000135,high,billing,solved,2026-02-23T17:00:00Z,2026-02-28T17:00:00Z,user_001034
ticket_0136,acct_0136,user_000136,critical,permissions,closed,2026-02-24T17:00:00Z,2026-02-28T17:00:00Z,user_001035
ticket_0137,acct_0137,user_000137,low,approval_routing,open,2026-02-25T17:00:00Z,2026-02-28T17:00:00Z,user_001036
ticket_0138,acct_0138,user_000138,medium,supplier_onboarding,pending,2026-02-26T17:00:00Z,2026-02-28T17:00:00Z,user_001037
ticket_0139,acct_0139,user_000139,high,billing,solved,2026-02-27T17:00:00Z,2026-02-28T17:00:00Z,user_001038
ticket_0140,acct_0140,user_000140,critical,permissions,closed,2026-02-28T17:00:00Z,2026-02-28T17:00:00Z,user_001039
ticket_0141,acct_0141,user_000141,low,approval_routing,open,2026-02-01T17:00:00Z,2026-02-28T17:00:00Z,user_001040
ticket_0142,acct_0142,user_000142,medium,supplier_onboarding,pending,2026-02-02T17:00:00Z,2026-02-28T17:00:00Z,user_001041
ticket_0143,acct_0143,user_000143,high,billing,solved,2026-02-03T17:00:00Z,2026-02-28T17:00:00Z,user_001042
ticket_0144,acct_0144,user_000144,critical,permissions,closed,2026-02-04T17:00:00Z,2026-02-28T17:00:00Z,user_001043
ticket_0145,acct_0145,user_000145,low,approval_routing,open,2026-02-05T17:00:00Z,2026-02-28T17:00:00Z,user_001044
ticket_0146,acct_0146,user_000146,medium,supplier_onboarding,pending,2026-02-06T17:00:00Z,2026-02-28T17:00:00Z,user_001045
ticket_0147,acct_0147,user_000147,high,billing,solved,2026-02-07T17:00:00Z,2026-02-28T17:00:00Z,user_001046
ticket_0148,acct_0148,user_000148,critical,permissions,closed,2026-02-08T17:00:00Z,2026-02-28T17:00:00Z,user_001047
ticket_0149,acct_0149,user_000149,low,approval_routing,open,2026-02-09T17:00:00Z,2026-02-28T17:00:00Z,user_001048
ticket_0150,acct_0150,user_000150,medium,supplier_onboarding,pending,2026-02-10T17:00:00Z,2026-02-28T17:00:00Z,user_001049
ticket_0151,acct_0151,user_000151,high,billing,solved,2026-02-11T17:00:00Z,2026-02-28T17:00:00Z,user_001050
ticket_0152,acct_0152,user_000152,critical,permissions,closed,2026-02-12T17:00:00Z,2026-02-28T17:00:00Z,user_001051
ticket_0153,acct_0153,user_000153,low,approval_routing,open,2026-02-13T17:00:00Z,2026-02-28T17:00:00Z,user_001052
ticket_0154,acct_0154,user_000154,medium,supplier_onboarding,pending,2026-02-14T17:00:00Z,2026-02-28T17:00:00Z,user_001053
ticket_0155,acct_0155,user_000155,high,billing,solved,2026-02-15T17:00:00Z,2026-02-28T17:00:00Z,user_001054
ticket_0156,acct_0156,user_000156,critical,permissions,closed,2026-02-16T17:00:00Z,2026-02-28T17:00:00Z,user_001055
ticket_0157,acct_0157,user_000157,low,approval_routing,open,2026-02-17T17:00:00Z,2026-02-28T17:00:00Z,user_001056
ticket_0158,acct_0158,user_000158,medium,supplier_onboarding,pending,2026-02-18T17:00:00Z,2026-02-28T17:00:00Z,user_001057
ticket_0159,acct_0159,user_000159,high,billing,solved,2026-02-19T17:00:00Z,2026-02-28T17:00:00Z,user_001058
ticket_0160,acct_0160,user_000160,critical,permissions,closed,2026-02-20T17:00:00Z,2026-02-28T17:00:00Z,user_001059
ticket_0161,acct_0161,user_000161,low,approval_routing,open,2026-02-21T17:00:00Z,2026-02-28T17:00:00Z,user_001060
ticket_0162,acct_0162,user_000162,medium,supplier_onboarding,pending,2026-02-22T17:00:00Z,2026-02-28T17:00:00Z,user_001061
ticket_0163,acct_0163,user_000163,high,billing,solved,2026-02-23T17:00:00Z,2026-02-28T17:00:00Z,user_001062
ticket_0164,acct_0164,user_000164,critical,permissions,closed,2026-02-24T17:00:00Z,2026-02-28T17:00:00Z,user_001063
ticket_0165,acct_0165,user_000165,low,approval_routing,open,2026-02-25T17:00:00Z,2026-02-28T17:00:00Z,user_001064
ticket_0166,acct_0166,user_000166,medium,supplier_onboarding,pending,2026-02-26T17:00:00Z,2026-02-28T17:00:00Z,user_001065
ticket_0167,acct_0167,user_000167,high,billing,solved,2026-02-27T17:00:00Z,2026-02-28T17:00:00Z,user_001066
ticket_0168,acct_0168,user_000168,critical,permissions,closed,2026-02-28T17:00:00Z,2026-02-28T17:00:00Z,user_001067
ticket_0169,acct_0169,user_000169,low,approval_routing,open,2026-02-01T17:00:00Z,2026-02-28T17:00:00Z,user_001068
ticket_0170,acct_0170,user_000170,medium,supplier_onboarding,pending,2026-02-02T17:00:00Z,2026-02-28T17:00:00Z,user_001069
ticket_0171,acct_0171,user_000171,high,billing,solved,2026-02-03T17:00:00Z,2026-02-28T17:00:00Z,user_001070
ticket_0172,acct_0172,user_000172,critical,permissions,closed,2026-02-04T17:00:00Z,2026-02-28T17:00:00Z,user_001071
ticket_0173,acct_0173,user_000173,low,approval_routing,open,2026-02-05T17:00:00Z,2026-02-28T17:00:00Z,user_001072
ticket_0174,acct_0174,user_000174,medium,supplier_onboarding,pending,2026-02-06T17:00:00Z,2026-02-28T17:00:00Z,user_001073
ticket_0175,acct_0175,user_000175,high,billing,solved,2026-02-07T17:00:00Z,2026-02-28T17:00:00Z,user_001074
ticket_0176,acct_0176,user_000176,critical,permissions,closed,2026-02-08T17:00:00Z,2026-02-28T17:00:00Z,user_001075
ticket_0177,acct_0177,user_000177,low,approval_routing,open,2026-02-09T17:00:00Z,2026-02-28T17:00:00Z,user_001076
ticket_0178,acct_0178,user_000178,medium,supplier_onboarding,pending,2026-02-10T17:00:00Z,2026-02-28T17:00:00Z,user_001077
ticket_0179,acct_0179,user_000179,high,billing,solved,2026-02-11T17:00:00Z,2026-02-28T17:00:00Z,user_001078
ticket_0180,acct_0180,user_000180,critical,permissions,closed,2026-02-12T17:00:00Z,2026-02-28T17:00:00Z,user_001079
ticket_0181,acct_0181,user_000181,low,approval_routing,open,2026-02-13T17:00:00Z,2026-02-28T17:00:00Z,user_001080
ticket_0182,acct_0182,user_000182,medium,supplier_onboarding,pending,2026-02-14T17:00:00Z,2026-02-28T17:00:00Z,user_001081
ticket_0183,acct_0183,user_000183,high,billing,solved,2026-02-15T17:00:00Z,2026-02-28T17:00:00Z,user_001082
ticket_0184,acct_0184,user_000184,critical,permissions,closed,2026-02-16T17:00:00Z,2026-02-28T17:00:00Z,user_001083
ticket_0185,acct_0185,user_000185,low,approval_routing,open,2026-02-17T17:00:00Z,2026-02-28T17:00:00Z,user_001084
ticket_0186,acct_0186,user_000186,medium,supplier_onboarding,pending,2026-02-18T17:00:00Z,2026-02-28T17:00:00Z,user_001085
ticket_0187,acct_0187,user_000187,high,billing,solved,2026-02-19T17:00:00Z,2026-02-28T17:00:00Z,user_001086
ticket_0188,acct_0188,user_000188,critical,permissions,closed,2026-02-20T17:00:00Z,2026-02-28T17:00:00Z,user_001087
ticket_0189,acct_0189,user_000189,low,approval_routing,open,2026-02-21T17:00:00Z,2026-02-28T17:00:00Z,user_001088
ticket_0190,acct_0190,user_000190,medium,supplier_onboarding,pending,2026-02-22T17:00:00Z,2026-02-28T17:00:00Z,user_001089
ticket_0191,acct_0191,user_000191,high,billing,solved,2026-02-23T17:00:00Z,2026-02-28T17:00:00Z,user_001090
ticket_0192,acct_0192,user_000192,critical,permissions,closed,2026-02-24T17:00:00Z,2026-02-28T17:00:00Z,user_001091
ticket_0193,acct_0193,user_000193,low,approval_routing,open,2026-02-25T17:00:00Z,2026-02-28T17:00:00Z,user_001092
ticket_0194,acct_0194,user_000194,medium,supplier_onboarding,pending,2026-02-26T17:00:00Z,2026-02-28T17:00:00Z,user_001093
ticket_0195,acct_0195,user_000195,high,billing,solved,2026-02-27T17:00:00Z,2026-02-28T17:00:00Z,user_001094
ticket_0196,acct_0196,user_000196,critical,permissions,closed,2026-02-28T17:00:00Z,2026-02-28T17:00:00Z,user_001095
ticket_0197,acct_0197,user_000197,low,approval_routing,open,2026-02-01T17:00:00Z,2026-02-28T17:00:00Z,user_001096
ticket_0198,acct_0198,user_000198,medium,supplier_onboarding,pending,2026-02-02T17:00:00Z,2026-02-28T17:00:00Z,user_001097
ticket_0199,acct_0199,user_000199,high,billing,solved,2026-02-03T17:00:00Z,2026-02-28T17:00:00Z,user_001098
ticket_0200,acct_0010,user_000200,critical,permissions,closed,2026-02-04T17:00:00Z,2026-02-28T17:00:00Z,user_001099
ticket_0201,acct_0011,user_000201,low,approval_routing,open,2026-02-05T17:00:00Z,2026-02-28T17:00:00Z,user_000900
ticket_0202,acct_0012,user_000202,medium,supplier_onboarding,pending,2026-02-06T17:00:00Z,2026-02-28T17:00:00Z,user_000901
ticket_0203,acct_0013,user_000203,high,billing,solved,2026-02-07T17:00:00Z,2026-02-28T17:00:00Z,user_000902
ticket_0204,acct_0014,user_000204,critical,permissions,closed,2026-02-08T17:00:00Z,2026-02-28T17:00:00Z,user_000903
ticket_0205,acct_0015,user_000205,low,approval_routing,open,2026-02-09T17:00:00Z,2026-02-28T17:00:00Z,user_000904
ticket_0206,acct_0016,user_000206,medium,supplier_onboarding,pending,2026-02-10T17:00:00Z,2026-02-28T17:00:00Z,user_000905
ticket_0207,acct_0017,user_000207,high,billing,solved,2026-02-11T17:00:00Z,2026-02-28T17:00:00Z,user_000906
ticket_0208,acct_0018,user_000208,critical,permissions,closed,2026-02-12T17:00:00Z,2026-02-28T17:00:00Z,user_000907
ticket_0209,acct_0019,user_000209,low,approval_routing,open,2026-02-13T17:00:00Z,2026-02-28T17:00:00Z,user_000908
ticket_0210,acct_0020,user_000210,medium,supplier_onboarding,pending,2026-02-14T17:00:00Z,2026-02-28T17:00:00Z,user_000909
ticket_0211,acct_0021,user_000211,high,billing,solved,2026-02-15T17:00:00Z,2026-02-28T17:00:00Z,user_000910
ticket_0212,acct_0022,user_000212,critical,permissions,closed,2026-02-16T17:00:00Z,2026-02-28T17:00:00Z,user_000911
ticket_0213,acct_0023,user_000213,low,approval_routing,open,2026-02-17T17:00:00Z,2026-02-28T17:00:00Z,user_000912
ticket_0214,acct_0024,user_000214,medium,supplier_onboarding,pending,2026-02-18T17:00:00Z,2026-02-28T17:00:00Z,user_000913
ticket_0215,acct_0025,user_000215,high,billing,solved,2026-02-19T17:00:00Z,2026-02-28T17:00:00Z,user_000914
ticket_0216,acct_0026,user_000216,critical,permissions,closed,2026-02-20T17:00:00Z,2026-02-28T17:00:00Z,user_000915
ticket_0217,acct_0027,user_000217,low,approval_routing,open,2026-02-21T17:00:00Z,2026-02-28T17:00:00Z,user_000916
ticket_0218,acct_0028,user_000218,medium,supplier_onboarding,pending,2026-02-22T17:00:00Z,2026-02-28T17:00:00Z,user_000917
ticket_0219,acct_0029,user_000219,high,billing,solved,2026-02-23T17:00:00Z,2026-02-28T17:00:00Z,user_000918
ticket_0220,acct_0030,user_000220,critical,permissions,closed,2026-02-24T17:00:00Z,2026-02-28T17:00:00Z,user_000919
ticket_0221,acct_0031,user_000221,low,approval_routing,open,2026-02-25T17:00:00Z,2026-02-28T17:00:00Z,user_000920
ticket_0222,acct_0032,user_000222,medium,supplier_onboarding,pending,2026-02-26T17:00:00Z,2026-02-28T17:00:00Z,user_000921
ticket_0223,acct_0033,user_000223,high,billing,solved,2026-02-27T17:00:00Z,2026-02-28T17:00:00Z,user_000922
ticket_0224,acct_0034,user_000224,critical,permissions,closed,2026-02-28T17:00:00Z,2026-02-28T17:00:00Z,user_000923
ticket_0225,acct_0035,user_000225,low,approval_routing,open,2026-02-01T17:00:00Z,2026-02-28T17:00:00Z,user_000924
ticket_0226,acct_0036,user_000226,medium,supplier_onboarding,pending,2026-02-02T17:00:00Z,2026-02-28T17:00:00Z,user_000925
ticket_0227,acct_0037,user_000227,high,billing,solved,2026-02-03T17:00:00Z,2026-02-28T17:00:00Z,user_000926
ticket_0228,acct_0038,user_000228,critical,permissions,closed,2026-02-04T17:00:00Z,2026-02-28T17:00:00Z,user_000927
ticket_0229,acct_0039,user_000229,low,approval_routing,open,2026-02-05T17:00:00Z,2026-02-28T17:00:00Z,user_000928
ticket_0230,acct_0040,user_000230,medium,supplier_onboarding,pending,2026-02-06T17:00:00Z,2026-02-28T17:00:00Z,user_000929
ticket_0231,acct_0041,user_000231,high,billing,solved,2026-02-07T17:00:00Z,2026-02-28T17:00:00Z,user_000930
ticket_0232,acct_0042,user_000232,critical,permissions,closed,2026-02-08T17:00:00Z,2026-02-28T17:00:00Z,user_000931
ticket_0233,acct_0043,user_000233,low,approval_routing,open,2026-02-09T17:00:00Z,2026-02-28T17:00:00Z,user_000932
ticket_0234,acct_0044,user_000234,medium,supplier_onboarding,pending,2026-02-10T17:00:00Z,2026-02-28T17:00:00Z,user_000933
ticket_0235,acct_0045,user_000235,high,billing,solved,2026-02-11T17:00:00Z,2026-02-28T17:00:00Z,user_000934
ticket_0236,acct_0046,user_000236,critical,permissions,closed,2026-02-12T17:00:00Z,2026-02-28T17:00:00Z,user_000935
ticket_0237,acct_0047,user_000237,low,approval_routing,open,2026-02-13T17:00:00Z,2026-02-28T17:00:00Z,user_000936
ticket_0238,acct_0048,user_000238,medium,supplier_onboarding,pending,2026-02-14T17:00:00Z,2026-02-28T17:00:00Z,user_000937
ticket_0239,acct_0049,user_000239,high,billing,solved,2026-02-15T17:00:00Z,2026-02-28T17:00:00Z,user_000938
ticket_0240,acct_0050,user_000240,critical,permissions,closed,2026-02-16T17:00:00Z,2026-02-28T17:00:00Z,user_000939
ticket_0241,acct_0051,user_000241,low,approval_routing,open,2026-02-17T17:00:00Z,2026-02-28T17:00:00Z,user_000940
ticket_0242,acct_0052,user_000242,medium,supplier_onboarding,pending,2026-02-18T17:00:00Z,2026-02-28T17:00:00Z,user_000941
ticket_0243,acct_0053,user_000243,high,billing,solved,2026-02-19T17:00:00Z,2026-02-28T17:00:00Z,user_000942
ticket_0244,acct_0054,user_000244,critical,permissions,closed,2026-02-20T17:00:00Z,2026-02-28T17:00:00Z,user_000943
ticket_0245,acct_0055,user_000245,low,approval_routing,open,2026-02-21T17:00:00Z,2026-02-28T17:00:00Z,user_000944
ticket_0246,acct_0056,user_000246,medium,supplier_onboarding,pending,2026-02-22T17:00:00Z,2026-02-28T17:00:00Z,user_000945
ticket_0247,acct_0057,user_000247,high,billing,solved,2026-02-23T17:00:00Z,2026-02-28T17:00:00Z,user_000946
ticket_0248,acct_0058,user_000248,critical,permissions,closed,2026-02-24T17:00:00Z,2026-02-28T17:00:00Z,user_000947
ticket_0249,acct_0059,user_000249,low,approval_routing,open,2026-02-25T17:00:00Z,2026-02-28T17:00:00Z,user_000948
ticket_0250,acct_0060,user_000250,medium,supplier_onboarding,pending,2026-02-26T17:00:00Z,2026-02-28T17:00:00Z,user_000949
ticket_0251,acct_0061,user_000251,high,billing,solved,2026-02-27T17:00:00Z,2026-02-28T17:00:00Z,user_000950
ticket_0252,acct_0062,user_000252,critical,permissions,closed,2026-02-28T17:00:00Z,2026-02-28T17:00:00Z,user_000951
ticket_0253,acct_0063,user_000253,low,approval_routing,open,2026-02-01T17:00:00Z,2026-02-28T17:00:00Z,user_000952
ticket_0254,acct_0064,user_000254,medium,supplier_onboarding,pending,2026-02-02T17:00:00Z,2026-02-28T17:00:00Z,user_000953
ticket_0255,acct_0065,user_000255,high,billing,solved,2026-02-03T17:00:00Z,2026-02-28T17:00:00Z,user_000954
ticket_0256,acct_0066,user_000256,critical,permissions,closed,2026-02-04T17:00:00Z,2026-02-28T17:00:00Z,user_000955
ticket_0257,acct_0067,user_000257,low,approval_routing,open,2026-02-05T17:00:00Z,2026-02-28T17:00:00Z,user_000956
ticket_0258,acct_0068,user_000258,medium,supplier_onboarding,pending,2026-02-06T17:00:00Z,2026-02-28T17:00:00Z,user_000957
ticket_0259,acct_0069,user_000259,high,billing,solved,2026-02-07T17:00:00Z,2026-02-28T17:00:00Z,user_000958
ticket_0260,acct_0070,user_000260,critical,permissions,closed,2026-02-08T17:00:00Z,2026-02-28T17:00:00Z,user_000959
ticket_0261,acct_0071,user_000261,low,approval_routing,open,2026-02-09T17:00:00Z,2026-02-28T17:00:00Z,user_000960
ticket_0262,acct_0072,user_000262,medium,supplier_onboarding,pending,2026-02-10T17:00:00Z,2026-02-28T17:00:00Z,user_000961
ticket_0263,acct_0073,user_000263,high,billing,solved,2026-02-11T17:00:00Z,2026-02-28T17:00:00Z,user_000962
ticket_0264,acct_0074,user_000264,critical,permissions,closed,2026-02-12T17:00:00Z,2026-02-28T17:00:00Z,user_000963
ticket_0265,acct_0075,user_000265,low,approval_routing,open,2026-02-13T17:00:00Z,2026-02-28T17:00:00Z,user_000964
ticket_0266,acct_0076,user_000266,medium,supplier_onboarding,pending,2026-02-14T17:00:00Z,2026-02-28T17:00:00Z,user_000965
ticket_0267,acct_0077,user_000267,high,billing,solved,2026-02-15T17:00:00Z,2026-02-28T17:00:00Z,user_000966
ticket_0268,acct_0078,user_000268,critical,permissions,closed,2026-02-16T17:00:00Z,2026-02-28T17:00:00Z,user_000967
ticket_0269,acct_0079,user_000269,low,approval_routing,open,2026-02-17T17:00:00Z,2026-02-28T17:00:00Z,user_000968
ticket_0270,acct_0080,user_000270,medium,supplier_onboarding,pending,2026-02-18T17:00:00Z,2026-02-28T17:00:00Z,user_000969
ticket_0271,acct_0081,user_000271,high,billing,solved,2026-02-19T17:00:00Z,2026-02-28T17:00:00Z,user_000970
ticket_0272,acct_0082,user_000272,critical,permissions,closed,2026-02-20T17:00:00Z,2026-02-28T17:00:00Z,user_000971
ticket_0273,acct_0083,user_000273,low,approval_routing,open,2026-02-21T17:00:00Z,2026-02-28T17:00:00Z,user_000972
ticket_0274,acct_0084,user_000274,medium,supplier_onboarding,pending,2026-02-22T17:00:00Z,2026-02-28T17:00:00Z,user_000973
ticket_0275,acct_0085,user_000275,high,billing,solved,2026-02-23T17:00:00Z,2026-02-28T17:00:00Z,user_000974
ticket_0276,acct_0086,user_000276,critical,permissions,closed,2026-02-24T17:00:00Z,2026-02-28T17:00:00Z,user_000975
ticket_0277,acct_0087,user_000277,low,approval_routing,open,2026-02-25T17:00:00Z,2026-02-28T17:00:00Z,user_000976
ticket_0278,acct_0088,user_000278,medium,supplier_onboarding,pending,2026-02-26T17:00:00Z,2026-02-28T17:00:00Z,user_000977
ticket_0279,acct_0089,user_000279,high,billing,solved,2026-02-27T17:00:00Z,2026-02-28T17:00:00Z,user_000978
ticket_0280,acct_0090,user_000280,critical,permissions,closed,2026-02-28T17:00:00Z,2026-02-28T17:00:00Z,user_000979
ticket_0281,acct_0091,user_000281,low,approval_routing,open,2026-02-01T17:00:00Z,2026-02-28T17:00:00Z,user_000980
ticket_0282,acct_0092,user_000282,medium,supplier_onboarding,pending,2026-02-02T17:00:00Z,2026-02-28T17:00:00Z,user_000981
ticket_0283,acct_0093,user_000283,high,billing,solved,2026-02-03T17:00:00Z,2026-02-28T17:00:00Z,user_000982
ticket_0284,acct_0094,user_000284,critical,permissions,closed,2026-02-04T17:00:00Z,2026-02-28T17:00:00Z,user_000983
ticket_0285,acct_0095,user_000285,low,approval_routing,open,2026-02-05T17:00:00Z,2026-02-28T17:00:00Z,user_000984
ticket_0286,acct_0096,user_000286,medium,supplier_onboarding,pending,2026-02-06T17:00:00Z,2026-02-28T17:00:00Z,user_000985
ticket_0287,acct_0097,user_000287,high,billing,solved,2026-02-07T17:00:00Z,2026-02-28T17:00:00Z,user_000986
ticket_0288,acct_0098,user_000288,critical,permissions,closed,2026-02-08T17:00:00Z,2026-02-28T17:00:00Z,user_000987
ticket_0289,acct_0099,user_000289,low,approval_routing,open,2026-02-09T17:00:00Z,2026-02-28T17:00:00Z,user_000988
ticket_0290,acct_0100,user_000290,medium,supplier_onboarding,pending,2026-02-10T17:00:00Z,2026-02-28T17:00:00Z,user_000989
ticket_0291,acct_0101,user_000291,high,billing,solved,2026-02-11T17:00:00Z,2026-02-28T17:00:00Z,user_000990
ticket_0292,acct_0102,user_000292,critical,permissions,closed,2026-02-12T17:00:00Z,2026-02-28T17:00:00Z,user_000991
ticket_0293,acct_0103,user_000293,low,approval_routing,open,2026-02-13T17:00:00Z,2026-02-28T17:00:00Z,user_000992
ticket_0294,acct_0104,user_000294,medium,supplier_onboarding,pending,2026-02-14T17:00:00Z,2026-02-28T17:00:00Z,user_000993
ticket_0295,acct_0105,user_000295,high,billing,solved,2026-02-15T17:00:00Z,2026-02-28T17:00:00Z,user_000994
ticket_0296,acct_0106,user_000296,critical,permissions,closed,2026-02-16T17:00:00Z,2026-02-28T17:00:00Z,user_000995
ticket_0297,acct_0107,user_000297,low,approval_routing,open,2026-02-17T17:00:00Z,2026-02-28T17:00:00Z,user_000996
ticket_0298,acct_0108,user_000298,medium,supplier_onboarding,pending,2026-02-18T17:00:00Z,2026-02-28T17:00:00Z,user_000997
ticket_0299,acct_0109,user_000299,high,billing,solved,2026-02-19T17:00:00Z,2026-02-28T17:00:00Z,user_000998
ticket_0300,acct_0110,user_000300,critical,permissions,closed,2026-02-20T17:00:00Z,2026-02-28T17:00:00Z,user_000999
ticket_0301,acct_0111,user_000301,low,approval_routing,open,2026-02-21T17:00:00Z,2026-02-28T17:00:00Z,user_001000
ticket_0302,acct_0112,user_000302,medium,supplier_onboarding,pending,2026-02-22T17:00:00Z,2026-02-28T17:00:00Z,user_001001
ticket_0303,acct_0113,user_000303,high,billing,solved,2026-02-23T17:00:00Z,2026-02-28T17:00:00Z,user_001002
ticket_0304,acct_0114,user_000304,critical,permissions,closed,2026-02-24T17:00:00Z,2026-02-28T17:00:00Z,user_001003
ticket_0305,acct_0115,user_000305,low,approval_routing,open,2026-02-25T17:00:00Z,2026-02-28T17:00:00Z,user_001004
ticket_0306,acct_0116,user_000306,medium,supplier_onboarding,pending,2026-02-26T17:00:00Z,2026-02-28T17:00:00Z,user_001005
ticket_0307,acct_0117,user_000307,high,billing,solved,2026-02-27T17:00:00Z,2026-02-28T17:00:00Z,user_001006
ticket_0308,acct_0118,user_000308,critical,permissions,closed,2026-02-28T17:00:00Z,2026-02-28T17:00:00Z,user_001007
ticket_0309,acct_0119,user_000309,low,approval_routing,open,2026-02-01T17:00:00Z,2026-02-28T17:00:00Z,user_001008
ticket_0310,acct_0120,user_000310,medium,supplier_onboarding,pending,2026-02-02T17:00:00Z,2026-02-28T17:00:00Z,user_001009
ticket_0311,acct_0121,user_000311,high,billing,solved,2026-02-03T17:00:00Z,2026-02-28T17:00:00Z,user_001010
ticket_0312,acct_0122,user_000312,critical,permissions,closed,2026-02-04T17:00:00Z,2026-02-28T17:00:00Z,user_001011
ticket_0313,acct_0123,user_000313,low,approval_routing,open,2026-02-05T17:00:00Z,2026-02-28T17:00:00Z,user_001012
ticket_0314,acct_0124,user_000314,medium,supplier_onboarding,pending,2026-02-06T17:00:00Z,2026-02-28T17:00:00Z,user_001013
ticket_0315,acct_0125,user_000315,high,billing,solved,2026-02-07T17:00:00Z,2026-02-28T17:00:00Z,user_001014
ticket_0316,acct_0126,user_000316,critical,permissions,closed,2026-02-08T17:00:00Z,2026-02-28T17:00:00Z,user_001015
ticket_0317,acct_0127,user_000317,low,approval_routing,open,2026-02-09T17:00:00Z,2026-02-28T17:00:00Z,user_001016
ticket_0318,acct_0128,user_000318,medium,supplier_onboarding,pending,2026-02-10T17:00:00Z,2026-02-28T17:00:00Z,user_001017
ticket_0319,acct_0129,user_000319,high,billing,solved,2026-02-11T17:00:00Z,2026-02-28T17:00:00Z,user_001018
ticket_0320,acct_0130,user_000320,critical,permissions,closed,2026-02-12T17:00:00Z,2026-02-28T17:00:00Z,user_001019
ticket_0321,acct_0131,user_000321,low,approval_routing,open,2026-02-13T17:00:00Z,2026-02-28T17:00:00Z,user_001020
ticket_0322,acct_0132,user_000322,medium,supplier_onboarding,pending,2026-02-14T17:00:00Z,2026-02-28T17:00:00Z,user_001021
ticket_0323,acct_0133,user_000323,high,billing,solved,2026-02-15T17:00:00Z,2026-02-28T17:00:00Z,user_001022
ticket_0324,acct_0134,user_000324,critical,permissions,closed,2026-02-16T17:00:00Z,2026-02-28T17:00:00Z,user_001023
ticket_0325,acct_0135,user_000325,low,approval_routing,open,2026-02-17T17:00:00Z,2026-02-28T17:00:00Z,user_001024
ticket_0326,acct_0136,user_000326,medium,supplier_onboarding,pending,2026-02-18T17:00:00Z,2026-02-28T17:00:00Z,user_001025
ticket_0327,acct_0137,user_000327,high,billing,solved,2026-02-19T17:00:00Z,2026-02-28T17:00:00Z,user_001026
ticket_0328,acct_0138,user_000328,critical,permissions,closed,2026-02-20T17:00:00Z,2026-02-28T17:00:00Z,user_001027
ticket_0329,acct_0139,user_000329,low,approval_routing,open,2026-02-21T17:00:00Z,2026-02-28T17:00:00Z,user_001028
ticket_0330,acct_0140,user_000330,medium,supplier_onboarding,pending,2026-02-22T17:00:00Z,2026-02-28T17:00:00Z,user_001029
ticket_0331,acct_0141,user_000331,high,billing,solved,2026-02-23T17:00:00Z,2026-02-28T17:00:00Z,user_001030
ticket_0332,acct_0142,user_000332,critical,permissions,closed,2026-02-24T17:00:00Z,2026-02-28T17:00:00Z,user_001031
ticket_0333,acct_0143,user_000333,low,approval_routing,open,2026-02-25T17:00:00Z,2026-02-28T17:00:00Z,user_001032
ticket_0334,acct_0144,user_000334,medium,supplier_onboarding,pending,2026-02-26T17:00:00Z,2026-02-28T17:00:00Z,user_001033
ticket_0335,acct_0145,user_000335,high,billing,solved,2026-02-27T17:00:00Z,2026-02-28T17:00:00Z,user_001034
ticket_0336,acct_0146,user_000336,critical,permissions,closed,2026-02-28T17:00:00Z,2026-02-28T17:00:00Z,user_001035
ticket_0337,acct_0147,user_000337,low,approval_routing,open,2026-02-01T17:00:00Z,2026-02-28T17:00:00Z,user_001036
ticket_0338,acct_0148,user_000338,medium,supplier_onboarding,pending,2026-02-02T17:00:00Z,2026-02-28T17:00:00Z,user_001037
ticket_0339,acct_0149,user_000339,high,billing,solved,2026-02-03T17:00:00Z,2026-02-28T17:00:00Z,user_001038
ticket_0340,acct_0150,user_000340,critical,permissions,closed,2026-02-04T17:00:00Z,2026-02-28T17:00:00Z,user_001039
ticket_0341,acct_0151,user_000341,low,approval_routing,open,2026-02-05T17:00:00Z,2026-02-28T17:00:00Z,user_001040
ticket_0342,acct_0152,user_000342,medium,supplier_onboarding,pending,2026-02-06T17:00:00Z,2026-02-28T17:00:00Z,user_001041
ticket_0343,acct_0153,user_000343,high,billing,solved,2026-02-07T17:00:00Z,2026-02-28T17:00:00Z,user_001042
ticket_0344,acct_0154,user_000344,critical,permissions,closed,2026-02-08T17:00:00Z,2026-02-28T17:00:00Z,user_001043
ticket_0345,acct_0155,user_000345,low,approval_routing,open,2026-02-09T17:00:00Z,2026-02-28T17:00:00Z,user_001044
ticket_0346,acct_0156,user_000346,medium,supplier_onboarding,pending,2026-02-10T17:00:00Z,2026-02-28T17:00:00Z,user_001045
ticket_0347,acct_0157,user_000347,high,billing,solved,2026-02-11T17:00:00Z,2026-02-28T17:00:00Z,user_001046
ticket_0348,acct_0158,user_000348,critical,permissions,closed,2026-02-12T17:00:00Z,2026-02-28T17:00:00Z,user_001047
ticket_0349,acct_0159,user_000349,low,approval_routing,open,2026-02-13T17:00:00Z,2026-02-28T17:00:00Z,user_001048
ticket_0350,acct_0160,user_000350,medium,supplier_onboarding,pending,2026-02-14T17:00:00Z,2026-02-28T17:00:00Z,user_001049
ticket_0351,acct_0161,user_000351,high,billing,solved,2026-02-15T17:00:00Z,2026-02-28T17:00:00Z,user_001050
ticket_0352,acct_0162,user_000352,critical,permissions,closed,2026-02-16T17:00:00Z,2026-02-28T17:00:00Z,user_001051
ticket_0353,acct_0163,user_000353,low,approval_routing,open,2026-02-17T17:00:00Z,2026-02-28T17:00:00Z,user_001052
ticket_0354,acct_0164,user_000354,medium,supplier_onboarding,pending,2026-02-18T17:00:00Z,2026-02-28T17:00:00Z,user_001053
ticket_0355,acct_0165,user_000355,high,billing,solved,2026-02-19T17:00:00Z,2026-02-28T17:00:00Z,user_001054
ticket_0356,acct_0166,user_000356,critical,permissions,closed,2026-02-20T17:00:00Z,2026-02-28T17:00:00Z,user_001055
ticket_0357,acct_0167,user_000357,low,approval_routing,open,2026-02-21T17:00:00Z,2026-02-28T17:00:00Z,user_001056
ticket_0358,acct_0168,user_000358,medium,supplier_onboarding,pending,2026-02-22T17:00:00Z,2026-02-28T17:00:00Z,user_001057
ticket_0359,acct_0169,user_000359,high,billing,solved,2026-02-23T17:00:00Z,2026-02-28T17:00:00Z,user_001058
ticket_0360,acct_0170,user_000360,critical,permissions,closed,2026-02-24T17:00:00Z,2026-02-28T17:00:00Z,user_001059
ticket_0361,acct_0171,user_000361,low,approval_routing,open,2026-02-25T17:00:00Z,2026-02-28T17:00:00Z,user_001060
ticket_0362,acct_0172,user_000362,medium,supplier_onboarding,pending,2026-02-26T17:00:00Z,2026-02-28T17:00:00Z,user_001061
ticket_0363,acct_0173,user_000363,high,billing,solved,2026-02-27T17:00:00Z,2026-02-28T17:00:00Z,user_001062
ticket_0364,acct_0174,user_000364,critical,permissions,closed,2026-02-28T17:00:00Z,2026-02-28T17:00:00Z,user_001063
ticket_0365,acct_0175,user_000365,low,approval_routing,open,2026-02-01T17:00:00Z,2026-02-28T17:00:00Z,user_001064
ticket_0366,acct_0176,user_000366,medium,supplier_onboarding,pending,2026-02-02T17:00:00Z,2026-02-28T17:00:00Z,user_001065
ticket_0367,acct_0177,user_000367,high,billing,solved,2026-02-03T17:00:00Z,2026-02-28T17:00:00Z,user_001066
ticket_0368,acct_0178,user_000368,critical,permissions,closed,2026-02-04T17:00:00Z,2026-02-28T17:00:00Z,user_001067
ticket_0369,acct_0179,user_000369,low,approval_routing,open,2026-02-05T17:00:00Z,2026-02-28T17:00:00Z,user_001068
ticket_0370,acct_0180,user_000370,medium,supplier_onboarding,pending,2026-02-06T17:00:00Z,2026-02-28T17:00:00Z,user_001069
ticket_0371,acct_0181,user_000371,high,billing,solved,2026-02-07T17:00:00Z,2026-02-28T17:00:00Z,user_001070
ticket_0372,acct_0182,user_000372,critical,permissions,closed,2026-02-08T17:00:00Z,2026-02-28T17:00:00Z,user_001071
ticket_0373,acct_0183,user_000373,low,approval_routing,open,2026-02-09T17:00:00Z,2026-02-28T17:00:00Z,user_001072
ticket_0374,acct_0184,user_000374,medium,supplier_onboarding,pending,2026-02-10T17:00:00Z,2026-02-28T17:00:00Z,user_001073
ticket_0375,acct_0185,user_000375,high,billing,solved,2026-02-11T17:00:00Z,2026-02-28T17:00:00Z,user_001074
ticket_0376,acct_0186,user_000376,critical,permissions,closed,2026-02-12T17:00:00Z,2026-02-28T17:00:00Z,user_001075
ticket_0377,acct_0187,user_000377,low,approval_routing,open,2026-02-13T17:00:00Z,2026-02-28T17:00:00Z,user_001076
ticket_0378,acct_0188,user_000378,medium,supplier_onboarding,pending,2026-02-14T17:00:00Z,2026-02-28T17:00:00Z,user_001077
ticket_0379,acct_0189,user_000379,high,billing,solved,2026-02-15T17:00:00Z,2026-02-28T17:00:00Z,user_001078
ticket_0380,acct_0190,user_000380,critical,permissions,closed,2026-02-16T17:00:00Z,2026-02-28T17:00:00Z,user_001079
ticket_0381,acct_0191,user_000381,low,approval_routing,open,2026-02-17T17:00:00Z,2026-02-28T17:00:00Z,user_001080
ticket_0382,acct_0192,user_000382,medium,supplier_onboarding,pending,2026-02-18T17:00:00Z,2026-02-28T17:00:00Z,user_001081
ticket_0383,acct_0193,user_000383,high,billing,solved,2026-02-19T17:00:00Z,2026-02-28T17:00:00Z,user_001082
ticket_0384,acct_0194,user_000384,critical,permissions,closed,2026-02-20T17:00:00Z,2026-02-28T17:00:00Z,user_001083
ticket_0385,acct_0195,user_000385,low,approval_routing,open,2026-02-21T17:00:00Z,2026-02-28T17:00:00Z,user_001084
ticket_0386,acct_0196,user_000386,medium,supplier_onboarding,pending,2026-02-22T17:00:00Z,2026-02-28T17:00:00Z,user_001085
ticket_0387,acct_0197,user_000387,high,billing,solved,2026-02-23T17:00:00Z,2026-02-28T17:00:00Z,user_001086
ticket_0388,acct_0198,user_000388,critical,permissions,closed,2026-02-24T17:00:00Z,2026-02-28T17:00:00Z,user_001087
ticket_0389,acct_0199,user_000389,low,approval_routing,open,2026-02-25T17:00:00Z,2026-02-28T17:00:00Z,user_001088
ticket_0390,acct_0010,user_000390,medium,supplier_onboarding,pending,2026-02-26T17:00:00Z,2026-02-28T17:00:00Z,user_001089
ticket_0391,acct_0011,user_000391,high,billing,solved,2026-02-27T17:00:00Z,2026-02-28T17:00:00Z,user_001090
ticket_0392,acct_0012,user_000392,critical,permissions,closed,2026-02-28T17:00:00Z,2026-02-28T17:00:00Z,user_001091
ticket_0393,acct_0013,user_000393,low,approval_routing,open,2026-02-01T17:00:00Z,2026-02-28T17:00:00Z,user_001092
ticket_0394,acct_0014,user_000394,medium,supplier_onboarding,pending,2026-02-02T17:00:00Z,2026-02-28T17:00:00Z,user_001093
ticket_0395,acct_0015,user_000395,high,billing,solved,2026-02-03T17:00:00Z,2026-02-28T17:00:00Z,user_001094
ticket_0396,acct_0016,user_000396,critical,permissions,closed,2026-02-04T17:00:00Z,2026-02-28T17:00:00Z,user_001095
ticket_0397,acct_0017,user_000397,low,approval_routing,open,2026-02-05T17:00:00Z,2026-02-28T17:00:00Z,user_001096
ticket_0398,acct_0018,user_000398,medium,supplier_onboarding,pending,2026-02-06T17:00:00Z,2026-02-28T17:00:00Z,user_001097
ticket_0399,acct_0019,user_000399,high,billing,solved,2026-02-07T17:00:00Z,2026-02-28T17:00:00Z,user_001098
ticket_0400,acct_0020,user_000400,critical,permissions,closed,2026-02-08T17:00:00Z,2026-02-28T17:00:00Z,user_001099
ticket_0401,acct_0021,user_000401,low,approval_routing,open,2026-02-09T17:00:00Z,2026-02-28T17:00:00Z,user_000900
ticket_0402,acct_0022,user_000402,medium,supplier_onboarding,pending,2026-02-10T17:00:00Z,2026-02-28T17:00:00Z,user_000901
ticket_0403,acct_0023,user_000403,high,billing,solved,2026-02-11T17:00:00Z,2026-02-28T17:00:00Z,user_000902
ticket_0404,acct_0024,user_000404,critical,permissions,closed,2026-02-12T17:00:00Z,2026-02-28T17:00:00Z,user_000903
ticket_0405,acct_0025,user_000405,low,approval_routing,open,2026-02-13T17:00:00Z,2026-02-28T17:00:00Z,user_000904
ticket_0406,acct_0026,user_000406,medium,supplier_onboarding,pending,2026-02-14T17:00:00Z,2026-02-28T17:00:00Z,user_000905
ticket_0407,acct_0027,user_000407,high,billing,solved,2026-02-15T17:00:00Z,2026-02-28T17:00:00Z,user_000906
ticket_0408,acct_0028,user_000408,critical,permissions,closed,2026-02-16T17:00:00Z,2026-02-28T17:00:00Z,user_000907
ticket_0409,acct_0029,user_000409,low,approval_routing,open,2026-02-17T17:00:00Z,2026-02-28T17:00:00Z,user_000908
ticket_0410,acct_0030,user_000410,medium,supplier_onboarding,pending,2026-02-18T17:00:00Z,2026-02-28T17:00:00Z,user_000909
ticket_0411,acct_0031,user_000411,high,billing,solved,2026-02-19T17:00:00Z,2026-02-28T17:00:00Z,user_000910
ticket_0412,acct_0032,user_000412,critical,permissions,closed,2026-02-20T17:00:00Z,2026-02-28T17:00:00Z,user_000911
ticket_0413,acct_0033,user_000413,low,approval_routing,open,2026-02-21T17:00:00Z,2026-02-28T17:00:00Z,user_000912
ticket_0414,acct_0034,user_000414,medium,supplier_onboarding,pending,2026-02-22T17:00:00Z,2026-02-28T17:00:00Z,user_000913
ticket_0415,acct_0035,user_000415,high,billing,solved,2026-02-23T17:00:00Z,2026-02-28T17:00:00Z,user_000914
ticket_0416,acct_0036,user_000416,critical,permissions,closed,2026-02-24T17:00:00Z,2026-02-28T17:00:00Z,user_000915
ticket_0417,acct_0037,user_000417,low,approval_routing,open,2026-02-25T17:00:00Z,2026-02-28T17:00:00Z,user_000916
ticket_0418,acct_0038,user_000418,medium,supplier_onboarding,pending,2026-02-26T17:00:00Z,2026-02-28T17:00:00Z,user_000917
ticket_0419,acct_0039,user_000419,high,billing,solved,2026-02-27T17:00:00Z,2026-02-28T17:00:00Z,user_000918
ticket_0420,acct_0040,user_000420,critical,permissions,closed,2026-02-28T17:00:00Z,2026-02-28T17:00:00Z,user_000919
ticket_0421,acct_0041,user_000421,low,approval_routing,open,2026-02-01T17:00:00Z,2026-02-28T17:00:00Z,user_000920
ticket_0422,acct_0042,user_000422,medium,supplier_onboarding,pending,2026-02-02T17:00:00Z,2026-02-28T17:00:00Z,user_000921
ticket_0423,acct_0043,user_000423,high,billing,solved,2026-02-03T17:00:00Z,2026-02-28T17:00:00Z,user_000922
ticket_0424,acct_0044,user_000424,critical,permissions,closed,2026-02-04T17:00:00Z,2026-02-28T17:00:00Z,user_000923
ticket_0425,acct_0045,user_000425,low,approval_routing,open,2026-02-05T17:00:00Z,2026-02-28T17:00:00Z,user_000924
ticket_0426,acct_0046,user_000426,medium,supplier_onboarding,pending,2026-02-06T17:00:00Z,2026-02-28T17:00:00Z,user_000925
ticket_0427,acct_0047,user_000427,high,billing,solved,2026-02-07T17:00:00Z,2026-02-28T17:00:00Z,user_000926
ticket_0428,acct_0048,user_000428,critical,permissions,closed,2026-02-08T17:00:00Z,2026-02-28T17:00:00Z,user_000927
ticket_0429,acct_0049,user_000429,low,approval_routing,open,2026-02-09T17:00:00Z,2026-02-28T17:00:00Z,user_000928
ticket_0430,acct_0050,user_000430,medium,supplier_onboarding,pending,2026-02-10T17:00:00Z,2026-02-28T17:00:00Z,user_000929
ticket_0431,acct_0051,user_000431,high,billing,solved,2026-02-11T17:00:00Z,2026-02-28T17:00:00Z,user_000930
ticket_0432,acct_0052,user_000432,critical,permissions,closed,2026-02-12T17:00:00Z,2026-02-28T17:00:00Z,user_000931
ticket_0433,acct_0053,user_000433,low,approval_routing,open,2026-02-13T17:00:00Z,2026-02-28T17:00:00Z,user_000932
ticket_0434,acct_0054,user_000434,medium,supplier_onboarding,pending,2026-02-14T17:00:00Z,2026-02-28T17:00:00Z,user_000933
ticket_0435,acct_0055,user_000435,high,billing,solved,2026-02-15T17:00:00Z,2026-02-28T17:00:00Z,user_000934
ticket_0436,acct_0056,user_000436,critical,permissions,closed,2026-02-16T17:00:00Z,2026-02-28T17:00:00Z,user_000935
ticket_0437,acct_0057,user_000437,low,approval_routing,open,2026-02-17T17:00:00Z,2026-02-28T17:00:00Z,user_000936
ticket_0438,acct_0058,user_000438,medium,supplier_onboarding,pending,2026-02-18T17:00:00Z,2026-02-28T17:00:00Z,user_000937
ticket_0439,acct_0059,user_000439,high,billing,solved,2026-02-19T17:00:00Z,2026-02-28T17:00:00Z,user_000938
ticket_0440,acct_0060,user_000440,critical,permissions,closed,2026-02-20T17:00:00Z,2026-02-28T17:00:00Z,user_000939
ticket_0441,acct_0061,user_000441,low,approval_routing,open,2026-02-21T17:00:00Z,2026-02-28T17:00:00Z,user_000940
ticket_0442,acct_0062,user_000442,medium,supplier_onboarding,pending,2026-02-22T17:00:00Z,2026-02-28T17:00:00Z,user_000941
ticket_0443,acct_0063,user_000443,high,billing,solved,2026-02-23T17:00:00Z,2026-02-28T17:00:00Z,user_000942
ticket_0444,acct_0064,user_000444,critical,permissions,closed,2026-02-24T17:00:00Z,2026-02-28T17:00:00Z,user_000943
ticket_0445,acct_0065,user_000445,low,approval_routing,open,2026-02-25T17:00:00Z,2026-02-28T17:00:00Z,user_000944
ticket_0446,acct_0066,user_000446,medium,supplier_onboarding,pending,2026-02-26T17:00:00Z,2026-02-28T17:00:00Z,user_000945
ticket_0447,acct_0067,user_000447,high,billing,solved,2026-02-27T17:00:00Z,2026-02-28T17:00:00Z,user_000946
ticket_0448,acct_0068,user_000448,critical,permissions,closed,2026-02-28T17:00:00Z,2026-02-28T17:00:00Z,user_000947
ticket_0449,acct_0069,user_000449,low,approval_routing,open,2026-02-01T17:00:00Z,2026-02-28T17:00:00Z,user_000948
ticket_0450,acct_0070,user_000450,medium,supplier_onboarding,pending,2026-02-02T17:00:00Z,2026-02-28T17:00:00Z,user_000949
ticket_0451,acct_0071,user_000451,high,billing,solved,2026-02-03T17:00:00Z,2026-02-28T17:00:00Z,user_000950
ticket_0452,acct_0072,user_000452,critical,permissions,closed,2026-02-04T17:00:00Z,2026-02-28T17:00:00Z,user_000951
ticket_0453,acct_0073,user_000453,low,approval_routing,open,2026-02-05T17:00:00Z,2026-02-28T17:00:00Z,user_000952
ticket_0454,acct_0074,user_000454,medium,supplier_onboarding,pending,2026-02-06T17:00:00Z,2026-02-28T17:00:00Z,user_000953
ticket_0455,acct_0075,user_000455,high,billing,solved,2026-02-07T17:00:00Z,2026-02-28T17:00:00Z,user_000954
ticket_0456,acct_0076,user_000456,critical,permissions,closed,2026-02-08T17:00:00Z,2026-02-28T17:00:00Z,user_000955
ticket_0457,acct_0077,user_000457,low,approval_routing,open,2026-02-09T17:00:00Z,2026-02-28T17:00:00Z,user_000956
ticket_0458,acct_0078,user_000458,medium,supplier_onboarding,pending,2026-02-10T17:00:00Z,2026-02-28T17:00:00Z,user_000957
ticket_0459,acct_0079,user_000459,high,billing,solved,2026-02-11T17:00:00Z,2026-02-28T17:00:00Z,user_000958
ticket_0460,acct_0080,user_000460,critical,permissions,closed,2026-02-12T17:00:00Z,2026-02-28T17:00:00Z,user_000959
ticket_0461,acct_0081,user_000461,low,approval_routing,open,2026-02-13T17:00:00Z,2026-02-28T17:00:00Z,user_000960
ticket_0462,acct_0082,user_000462,medium,supplier_onboarding,pending,2026-02-14T17:00:00Z,2026-02-28T17:00:00Z,user_000961
ticket_0463,acct_0083,user_000463,high,billing,solved,2026-02-15T17:00:00Z,2026-02-28T17:00:00Z,user_000962
ticket_0464,acct_0084,user_000464,critical,permissions,closed,2026-02-16T17:00:00Z,2026-02-28T17:00:00Z,user_000963
ticket_0465,acct_0085,user_000465,low,approval_routing,open,2026-02-17T17:00:00Z,2026-02-28T17:00:00Z,user_000964
ticket_0466,acct_0086,user_000466,medium,supplier_onboarding,pending,2026-02-18T17:00:00Z,2026-02-28T17:00:00Z,user_000965
ticket_0467,acct_0087,user_000467,high,billing,solved,2026-02-19T17:00:00Z,2026-02-28T17:00:00Z,user_000966
ticket_0468,acct_0088,user_000468,critical,permissions,closed,2026-02-20T17:00:00Z,2026-02-28T17:00:00Z,user_000967
ticket_0469,acct_0089,user_000469,low,approval_routing,open,2026-02-21T17:00:00Z,2026-02-28T17:00:00Z,user_000968
ticket_0470,acct_0090,user_000470,medium,supplier_onboarding,pending,2026-02-22T17:00:00Z,2026-02-28T17:00:00Z,user_000969
ticket_0471,acct_0091,user_000471,high,billing,solved,2026-02-23T17:00:00Z,2026-02-28T17:00:00Z,user_000970
ticket_0472,acct_0092,user_000472,critical,permissions,closed,2026-02-24T17:00:00Z,2026-02-28T17:00:00Z,user_000971
ticket_0473,acct_0093,user_000473,low,approval_routing,open,2026-02-25T17:00:00Z,2026-02-28T17:00:00Z,user_000972
ticket_0474,acct_0094,user_000474,medium,supplier_onboarding,pending,2026-02-26T17:00:00Z,2026-02-28T17:00:00Z,user_000973
ticket_0475,acct_0095,user_000475,high,billing,solved,2026-02-27T17:00:00Z,2026-02-28T17:00:00Z,user_000974
ticket_0476,acct_0096,user_000476,critical,permissions,closed,2026-02-28T17:00:00Z,2026-02-28T17:00:00Z,user_000975
ticket_0477,acct_0097,user_000477,low,approval_routing,open,2026-02-01T17:00:00Z,2026-02-28T17:00:00Z,user_000976
ticket_0478,acct_0098,user_000478,medium,supplier_onboarding,pending,2026-02-02T17:00:00Z,2026-02-28T17:00:00Z,user_000977
ticket_0479,acct_0099,user_000479,high,billing,solved,2026-02-03T17:00:00Z,2026-02-28T17:00:00Z,user_000978
ticket_0480,acct_0100,user_000480,critical,permissions,closed,2026-02-04T17:00:00Z,2026-02-28T17:00:00Z,user_000979
ticket_0481,acct_0101,user_000481,low,approval_routing,open,2026-02-05T17:00:00Z,2026-02-28T17:00:00Z,user_000980
ticket_0482,acct_0102,user_000482,medium,supplier_onboarding,pending,2026-02-06T17:00:00Z,2026-02-28T17:00:00Z,user_000981
ticket_0483,acct_0103,user_000483,high,billing,solved,2026-02-07T17:00:00Z,2026-02-28T17:00:00Z,user_000982
ticket_0484,acct_0104,user_000484,critical,permissions,closed,2026-02-08T17:00:00Z,2026-02-28T17:00:00Z,user_000983
ticket_0485,acct_0105,user_000485,low,approval_routing,open,2026-02-09T17:00:00Z,2026-02-28T17:00:00Z,user_000984
ticket_0486,acct_0106,user_000486,medium,supplier_onboarding,pending,2026-02-10T17:00:00Z,2026-02-28T17:00:00Z,user_000985
ticket_0487,acct_0107,user_000487,high,billing,solved,2026-02-11T17:00:00Z,2026-02-28T17:00:00Z,user_000986
ticket_0488,acct_0108,user_000488,critical,permissions,closed,2026-02-12T17:00:00Z,2026-02-28T17:00:00Z,user_000987
ticket_0489,acct_0109,user_000489,low,approval_routing,open,2026-02-13T17:00:00Z,2026-02-28T17:00:00Z,user_000988
ticket_0490,acct_0110,user_000490,medium,supplier_onboarding,pending,2026-02-14T17:00:00Z,2026-02-28T17:00:00Z,user_000989
ticket_0491,acct_0111,user_000491,high,billing,solved,2026-02-15T17:00:00Z,2026-02-28T17:00:00Z,user_000990
ticket_0492,acct_0112,user_000492,critical,permissions,closed,2026-02-16T17:00:00Z,2026-02-28T17:00:00Z,user_000991
ticket_0493,acct_0113,user_000493,low,approval_routing,open,2026-02-17T17:00:00Z,2026-02-28T17:00:00Z,user_000992
ticket_0494,acct_0114,user_000494,medium,supplier_onboarding,pending,2026-02-18T17:00:00Z,2026-02-28T17:00:00Z,user_000993
ticket_0495,acct_0115,user_000495,high,billing,solved,2026-02-19T17:00:00Z,2026-02-28T17:00:00Z,user_000994
ticket_0496,acct_0116,user_000496,critical,permissions,closed,2026-02-20T17:00:00Z,2026-02-28T17:00:00Z,user_000995
ticket_0497,acct_0117,user_000497,low,approval_routing,open,2026-02-21T17:00:00Z,2026-02-28T17:00:00Z,user_000996
ticket_0498,acct_0118,user_000498,medium,supplier_onboarding,pending,2026-02-22T17:00:00Z,2026-02-28T17:00:00Z,user_000997
ticket_0499,acct_0119,user_000499,high,billing,solved,2026-02-23T17:00:00Z,2026-02-28T17:00:00Z,user_000998
ticket_0500,acct_0120,user_000500,critical,permissions,closed,2026-02-24T17:00:00Z,2026-02-28T17:00:00Z,user_000999
ticket_0501,acct_0121,user_000501,low,approval_routing,open,2026-02-25T17:00:00Z,2026-02-28T17:00:00Z,user_001000
ticket_0502,acct_0122,user_000502,medium,supplier_onboarding,pending,2026-02-26T17:00:00Z,2026-02-28T17:00:00Z,user_001001
ticket_0503,acct_0123,user_000503,high,billing,solved,2026-02-27T17:00:00Z,2026-02-28T17:00:00Z,user_001002
ticket_0504,acct_0124,user_000504,critical,permissions,closed,2026-02-28T17:00:00Z,2026-02-28T17:00:00Z,user_001003
ticket_0505,acct_0125,user_000505,low,approval_routing,open,2026-02-01T17:00:00Z,2026-02-28T17:00:00Z,user_001004
ticket_0506,acct_0126,user_000506,medium,supplier_onboarding,pending,2026-02-02T17:00:00Z,2026-02-28T17:00:00Z,user_001005
ticket_0507,acct_0127,user_000507,high,billing,solved,2026-02-03T17:00:00Z,2026-02-28T17:00:00Z,user_001006
ticket_0508,acct_0128,user_000508,critical,permissions,closed,2026-02-04T17:00:00Z,2026-02-28T17:00:00Z,user_001007
ticket_0509,acct_0129,user_000509,low,approval_routing,open,2026-02-05T17:00:00Z,2026-02-28T17:00:00Z,user_001008
ticket_0510,acct_0130,user_000510,medium,supplier_onboarding,pending,2026-02-06T17:00:00Z,2026-02-28T17:00:00Z,user_001009
ticket_0511,acct_0131,user_000511,high,billing,solved,2026-02-07T17:00:00Z,2026-02-28T17:00:00Z,user_001010
ticket_0512,acct_0132,user_000512,critical,permissions,closed,2026-02-08T17:00:00Z,2026-02-28T17:00:00Z,user_001011
ticket_0513,acct_0133,user_000513,low,approval_routing,open,2026-02-09T17:00:00Z,2026-02-28T17:00:00Z,user_001012
ticket_0514,acct_0134,user_000514,medium,supplier_onboarding,pending,2026-02-10T17:00:00Z,2026-02-28T17:00:00Z,user_001013
ticket_0515,acct_0135,user_000515,high,billing,solved,2026-02-11T17:00:00Z,2026-02-28T17:00:00Z,user_001014
ticket_0516,acct_0136,user_000516,critical,permissions,closed,2026-02-12T17:00:00Z,2026-02-28T17:00:00Z,user_001015
ticket_0517,acct_0137,user_000517,low,approval_routing,open,2026-02-13T17:00:00Z,2026-02-28T17:00:00Z,user_001016
ticket_0518,acct_0138,user_000518,medium,supplier_onboarding,pending,2026-02-14T17:00:00Z,2026-02-28T17:00:00Z,user_001017
ticket_0519,acct_0139,user_000519,high,billing,solved,2026-02-15T17:00:00Z,2026-02-28T17:00:00Z,user_001018
ticket_0520,acct_0140,user_000520,critical,permissions,closed,2026-02-16T17:00:00Z,2026-02-28T17:00:00Z,user_001019
